path,class,session,duration,sample_rate,channels,frames,format,subtype
clap\s01_pc_near\clap_0001.wav,clap,s01_pc_near,1.5,16000,1,24000,WAV,PCM_16
clap\s01_pc_near\clap_0002.wav,clap,s01_pc_near,1.5,16000,1,24000,WAV,PCM_16
clap\s01_pc_near\clap_0003.wav,clap,s01_pc_near,1.5,16000,1,24000,WAV,PCM_16
clap\s01_pc_near\clap_0004.wav,clap,s01_pc_near,1.5,16000,1,24000,WAV,PCM_16
clap\s01_pc_near\clap_0005.wav,clap,s01_pc_near,1.5,16000,1,24000,WAV,PCM_16
clap\s01_pc_near\clap_0006.wav,clap,s01_pc_near,1.5,16000,1,24000,WAV,PCM_16
clap\s01_pc_near\clap_0007.wav,clap,s01_pc_near,1.5,16000,1,24000,WAV,PCM_16
clap\s01_pc_near\clap_0008.wav,clap,s01_pc_near,1.5,16000,1,24000,WAV,PCM_16
clap\s01_pc_near\clap_0009.wav,clap,s01_pc_near,1.5,16000,1,24000,WAV,PCM_16
clap\s01_pc_near\clap_0010.wav,clap,s01_pc_near,1.5,16000,1,24000,WAV,PCM_16
clap\s01_pc_near\clap_0011.wav,clap,s01_pc_near,1.5,16000,1,24000,WAV,PCM_16
clap\s01_pc_near\clap_0012.wav,clap,s01_pc_near,1.5,16000,1,24000,WAV,PCM_16
clap\s01_pc_near\clap_0013.wav,clap,s01_pc_near,1.5,16000,1,24000,WAV,PCM_16
clap\s01_pc_near\clap_0014.wav,clap,s01_pc_near,1.5,16000,1,24000,WAV,PCM_16
clap\s01_pc_near\clap_0015.wav,clap,s01_pc_near,1.5,16000,1,24000,WAV,PCM_16
clap\s01_pc_near\clap_0016.wav,clap,s01_pc_near,1.5,16000,1,24000,WAV,PCM_16
clap\s01_pc_near\clap_0017.wav,clap,s01_pc_near,1.5,16000,1,24000,WAV,PCM_16
clap\s01_pc_near\clap_0018.wav,clap,s01_pc_near,1.5,16000,1,24000,WAV,PCM_16
clap\s01_pc_near\clap_0019.wav,clap,s01_pc_near,1.5,16000,1,24000,WAV,PCM_16
clap\s01_pc_near\clap_0020.wav,clap,s01_pc_near,1.5,16000,1,24000,WAV,PCM_16
clap\s02_phone_near\s2_phone_near_0003.wav,clap,s02_phone_near,0.48533333333333334,48000,1,23296,WAV,PCM_16
clap\s02_phone_near\s2_phone_near_0004.wav,clap,s02_phone_near,0.528,48000,1,25344,WAV,PCM_16
clap\s02_phone_near\s2_phone_near_0005.wav,clap,s02_phone_near,0.48533333333333334,48000,1,23296,WAV,PCM_16
clap\s02_phone_near\s2_phone_near_0006.wav,clap,s02_phone_near,0.528,48000,1,25344,WAV,PCM_16
clap\s02_phone_near\s2_phone_near_0007.wav,clap,s02_phone_near,0.528,48000,1,25344,WAV,PCM_16
clap\s02_phone_near\s2_phone_near_0008.wav,clap,s02_phone_near,0.528,48000,1,25344,WAV,PCM_16
clap\s02_phone_near\s2_phone_near_0009.wav,clap,s02_phone_near,0.5066666666666667,48000,1,24320,WAV,PCM_16
clap\s02_phone_near\s2_phone_near_0010.wav,clap,s02_phone_near,0.5173333333333333,48000,1,24832,WAV,PCM_16
clap\s02_phone_near\s2_phone_near_0011.wav,clap,s02_phone_near,0.496,48000,1,23808,WAV,PCM_16
clap\s02_phone_near\s2_phone_near_0012.wav,clap,s02_phone_near,0.496,48000,1,23808,WAV,PCM_16
clap\s02_phone_near\s2_phone_near_0013.wav,clap,s02_phone_near,0.5173333333333333,48000,1,24832,WAV,PCM_16
clap\s02_phone_near\s2_phone_near_0014.wav,clap,s02_phone_near,0.5493333333333333,48000,1,26368,WAV,PCM_16
clap\s02_phone_near\s2_phone_near_0015.wav,clap,s02_phone_near,0.496,48000,1,23808,WAV,PCM_16
clap\s02_phone_near\s2_phone_near_0016.wav,clap,s02_phone_near,0.528,48000,1,25344,WAV,PCM_16
clap\s02_phone_near\s2_phone_near_0017.wav,clap,s02_phone_near,0.5173333333333333,48000,1,24832,WAV,PCM_16
clap\s02_phone_near\s2_phone_near_0018.wav,clap,s02_phone_near,0.5173333333333333,48000,1,24832,WAV,PCM_16
clap\s02_phone_near\s2_phone_near_0019.wav,clap,s02_phone_near,0.528,48000,1,25344,WAV,PCM_16
clap\s02_phone_near\s2_phone_near_0020.wav,clap,s02_phone_near,0.528,48000,1,25344,WAV,PCM_16
clap\s02_phone_near\s2_phone_near_0021.wav,clap,s02_phone_near,0.528,48000,1,25344,WAV,PCM_16
clap\s03_pc_far\clap_0001.wav,clap,s03_pc_far,1.5,16000,1,24000,WAV,PCM_16
clap\s03_pc_far\clap_0002.wav,clap,s03_pc_far,1.5,16000,1,24000,WAV,PCM_16
clap\s03_pc_far\clap_0003.wav,clap,s03_pc_far,1.5,16000,1,24000,WAV,PCM_16
clap\s03_pc_far\clap_0004.wav,clap,s03_pc_far,1.5,16000,1,24000,WAV,PCM_16
clap\s03_pc_far\clap_0005.wav,clap,s03_pc_far,1.5,16000,1,24000,WAV,PCM_16
clap\s03_pc_far\clap_0006.wav,clap,s03_pc_far,1.5,16000,1,24000,WAV,PCM_16
clap\s03_pc_far\clap_0007.wav,clap,s03_pc_far,1.5,16000,1,24000,WAV,PCM_16
clap\s03_pc_far\clap_0008.wav,clap,s03_pc_far,1.5,16000,1,24000,WAV,PCM_16
clap\s03_pc_far\clap_0009.wav,clap,s03_pc_far,1.5,16000,1,24000,WAV,PCM_16
clap\s03_pc_far\clap_0010.wav,clap,s03_pc_far,1.5,16000,1,24000,WAV,PCM_16
clap\s03_pc_far\clap_0011.wav,clap,s03_pc_far,1.5,16000,1,24000,WAV,PCM_16
clap\s03_pc_far\clap_0012.wav,clap,s03_pc_far,1.5,16000,1,24000,WAV,PCM_16
clap\s03_pc_far\clap_0013.wav,clap,s03_pc_far,1.5,16000,1,24000,WAV,PCM_16
clap\s03_pc_far\clap_0014.wav,clap,s03_pc_far,1.5,16000,1,24000,WAV,PCM_16
clap\s03_pc_far\clap_0015.wav,clap,s03_pc_far,1.5,16000,1,24000,WAV,PCM_16
clap\s03_pc_far\clap_0016.wav,clap,s03_pc_far,1.5,16000,1,24000,WAV,PCM_16
clap\s03_pc_far\clap_0017.wav,clap,s03_pc_far,1.5,16000,1,24000,WAV,PCM_16
clap\s03_pc_far\clap_0018.wav,clap,s03_pc_far,1.5,16000,1,24000,WAV,PCM_16
clap\s03_pc_far\clap_0019.wav,clap,s03_pc_far,1.5,16000,1,24000,WAV,PCM_16
clap\s03_pc_far\clap_0020.wav,clap,s03_pc_far,1.5,16000,1,24000,WAV,PCM_16
clap\s04_phone_far\s4_phone_far_0004.wav,clap,s04_phone_far,0.5493333333333333,48000,1,26368,WAV,PCM_16
clap\s04_phone_far\s4_phone_far_0005.wav,clap,s04_phone_far,0.5493333333333333,48000,1,26368,WAV,PCM_16
clap\s04_phone_far\s4_phone_far_0006.wav,clap,s04_phone_far,0.5173333333333333,48000,1,24832,WAV,PCM_16
clap\s04_phone_far\s4_phone_far_0007.wav,clap,s04_phone_far,0.56,48000,1,26880,WAV,PCM_16
clap\s04_phone_far\s4_phone_far_0008.wav,clap,s04_phone_far,0.528,48000,1,25344,WAV,PCM_16
clap\s04_phone_far\s4_phone_far_0009.wav,clap,s04_phone_far,0.5173333333333333,48000,1,24832,WAV,PCM_16
clap\s04_phone_far\s4_phone_far_0010.wav,clap,s04_phone_far,0.56,48000,1,26880,WAV,PCM_16
clap\s04_phone_far\s4_phone_far_0011.wav,clap,s04_phone_far,0.5066666666666667,48000,1,24320,WAV,PCM_16
clap\s04_phone_far\s4_phone_far_0012.wav,clap,s04_phone_far,0.5706666666666667,48000,1,27392,WAV,PCM_16
clap\s04_phone_far\s4_phone_far_0013.wav,clap,s04_phone_far,0.6346666666666667,48000,1,30464,WAV,PCM_16
clap\s04_phone_far\s4_phone_far_0014.wav,clap,s04_phone_far,0.5386666666666666,48000,1,25856,WAV,PCM_16
clap\s04_phone_far\s4_phone_far_0015.wav,clap,s04_phone_far,0.496,48000,1,23808,WAV,PCM_16
clap\s04_phone_far\s4_phone_far_0016.wav,clap,s04_phone_far,0.5493333333333333,48000,1,26368,WAV,PCM_16
clap\s04_phone_far\s4_phone_far_0017.wav,clap,s04_phone_far,0.5706666666666667,48000,1,27392,WAV,PCM_16
clap\s04_phone_far\s4_phone_far_0018.wav,clap,s04_phone_far,0.56,48000,1,26880,WAV,PCM_16
clap\s04_phone_far\s4_phone_far_0020.wav,clap,s04_phone_far,0.5493333333333333,48000,1,26368,WAV,PCM_16
clap\s04_phone_far\s4_phone_far_0021.wav,clap,s04_phone_far,0.5386666666666666,48000,1,25856,WAV,PCM_16
clap\s04_phone_far\s4_phone_far_0022.wav,clap,s04_phone_far,0.5386666666666666,48000,1,25856,WAV,PCM_16
clap\s04_phone_far\s4_phone_far_0023.wav,clap,s04_phone_far,0.56,48000,1,26880,WAV,PCM_16
clap\s04_phone_far\s4_phone_far_0024.wav,clap,s04_phone_far,0.5493333333333333,48000,1,26368,WAV,PCM_16
clap\s04_phone_far\s4_phone_far_0025.wav,clap,s04_phone_far,0.56,48000,1,26880,WAV,PCM_16
clap\s05_phone_r2_near\s5_phone_r2_near_0003.wav,clap,s05_phone_r2_near,0.5386666666666666,48000,1,25856,WAV,PCM_16
clap\s05_phone_r2_near\s5_phone_r2_near_0004.wav,clap,s05_phone_r2_near,0.56,48000,1,26880,WAV,PCM_16
clap\s05_phone_r2_near\s5_phone_r2_near_0005.wav,clap,s05_phone_r2_near,0.5813333333333334,48000,1,27904,WAV,PCM_16
clap\s05_phone_r2_near\s5_phone_r2_near_0006.wav,clap,s05_phone_r2_near,0.5813333333333334,48000,1,27904,WAV,PCM_16
clap\s05_phone_r2_near\s5_phone_r2_near_0007.wav,clap,s05_phone_r2_near,0.5813333333333334,48000,1,27904,WAV,PCM_16
clap\s05_phone_r2_near\s5_phone_r2_near_0008.wav,clap,s05_phone_r2_near,0.5813333333333334,48000,1,27904,WAV,PCM_16
clap\s05_phone_r2_near\s5_phone_r2_near_0009.wav,clap,s05_phone_r2_near,0.5706666666666667,48000,1,27392,WAV,PCM_16
clap\s05_phone_r2_near\s5_phone_r2_near_0010.wav,clap,s05_phone_r2_near,0.5813333333333334,48000,1,27904,WAV,PCM_16
clap\s05_phone_r2_near\s5_phone_r2_near_0011.wav,clap,s05_phone_r2_near,0.5813333333333334,48000,1,27904,WAV,PCM_16
clap\s05_phone_r2_near\s5_phone_r2_near_0012.wav,clap,s05_phone_r2_near,0.5706666666666667,48000,1,27392,WAV,PCM_16
clap\s05_phone_r2_near\s5_phone_r2_near_0013.wav,clap,s05_phone_r2_near,0.496,48000,1,23808,WAV,PCM_16
clap\s05_phone_r2_near\s5_phone_r2_near_0014.wav,clap,s05_phone_r2_near,0.4746666666666667,48000,1,22784,WAV,PCM_16
clap\s05_phone_r2_near\s5_phone_r2_near_0015.wav,clap,s05_phone_r2_near,0.5386666666666666,48000,1,25856,WAV,PCM_16
clap\s05_phone_r2_near\s5_phone_r2_near_0016.wav,clap,s05_phone_r2_near,0.5173333333333333,48000,1,24832,WAV,PCM_16
clap\s05_phone_r2_near\s5_phone_r2_near_0017.wav,clap,s05_phone_r2_near,0.5173333333333333,48000,1,24832,WAV,PCM_16
clap\s05_phone_r2_near\s5_phone_r2_near_0018.wav,clap,s05_phone_r2_near,0.592,48000,1,28416,WAV,PCM_16
clap\s05_phone_r2_near\s5_phone_r2_near_0019.wav,clap,s05_phone_r2_near,0.6026666666666667,48000,1,28928,WAV,PCM_16
clap\s05_phone_r2_near\s5_phone_r2_near_0020.wav,clap,s05_phone_r2_near,0.56,48000,1,26880,WAV,PCM_16
clap\s05_phone_r2_near\s5_phone_r2_near_0021.wav,clap,s05_phone_r2_near,0.56,48000,1,26880,WAV,PCM_16
clap\s05_phone_r2_near\s5_phone_r2_near_0022.wav,clap,s05_phone_r2_near,0.5813333333333334,48000,1,27904,WAV,PCM_16
clap\s06_pc_other_room\clap_0001.wav,clap,s06_pc_other_room,1.5,16000,1,24000,WAV,PCM_16
clap\s06_pc_other_room\clap_0002.wav,clap,s06_pc_other_room,1.5,16000,1,24000,WAV,PCM_16
clap\s06_pc_other_room\clap_0003.wav,clap,s06_pc_other_room,1.5,16000,1,24000,WAV,PCM_16
clap\s06_pc_other_room\clap_0004.wav,clap,s06_pc_other_room,1.5,16000,1,24000,WAV,PCM_16
clap\s06_pc_other_room\clap_0005.wav,clap,s06_pc_other_room,1.5,16000,1,24000,WAV,PCM_16
clap\s06_pc_other_room\clap_0006.wav,clap,s06_pc_other_room,1.5,16000,1,24000,WAV,PCM_16
clap\s06_pc_other_room\clap_0007.wav,clap,s06_pc_other_room,1.5,16000,1,24000,WAV,PCM_16
clap\s06_pc_other_room\clap_0008.wav,clap,s06_pc_other_room,1.5,16000,1,24000,WAV,PCM_16
clap\s06_pc_other_room\clap_0009.wav,clap,s06_pc_other_room,1.5,16000,1,24000,WAV,PCM_16
clap\s06_pc_other_room\clap_0010.wav,clap,s06_pc_other_room,1.5,16000,1,24000,WAV,PCM_16
clap\s06_pc_other_room\clap_0011.wav,clap,s06_pc_other_room,1.5,16000,1,24000,WAV,PCM_16
clap\s06_pc_other_room\clap_0012.wav,clap,s06_pc_other_room,1.5,16000,1,24000,WAV,PCM_16
clap\s06_pc_other_room\clap_0013.wav,clap,s06_pc_other_room,1.5,16000,1,24000,WAV,PCM_16
clap\s06_pc_other_room\clap_0014.wav,clap,s06_pc_other_room,1.5,16000,1,24000,WAV,PCM_16
clap\s06_pc_other_room\clap_0015.wav,clap,s06_pc_other_room,1.5,16000,1,24000,WAV,PCM_16
clap\s06_pc_other_room\clap_0016.wav,clap,s06_pc_other_room,1.5,16000,1,24000,WAV,PCM_16
clap\s06_pc_other_room\clap_0017.wav,clap,s06_pc_other_room,1.5,16000,1,24000,WAV,PCM_16
clap\s06_pc_other_room\clap_0018.wav,clap,s06_pc_other_room,1.5,16000,1,24000,WAV,PCM_16
clap\s06_pc_other_room\clap_0019.wav,clap,s06_pc_other_room,1.5,16000,1,24000,WAV,PCM_16
clap\s06_pc_other_room\clap_0020.wav,clap,s06_pc_other_room,1.5,16000,1,24000,WAV,PCM_16
clap\s07_phone_ambient\s7_phone_ambient_0003.wav,clap,s07_phone_ambient,0.5493333333333333,48000,1,26368,WAV,PCM_16
clap\s07_phone_ambient\s7_phone_ambient_0004.wav,clap,s07_phone_ambient,0.5386666666666666,48000,1,25856,WAV,PCM_16
clap\s07_phone_ambient\s7_phone_ambient_0005.wav,clap,s07_phone_ambient,0.5493333333333333,48000,1,26368,WAV,PCM_16
clap\s07_phone_ambient\s7_phone_ambient_0006.wav,clap,s07_phone_ambient,0.5386666666666666,48000,1,25856,WAV,PCM_16
clap\s07_phone_ambient\s7_phone_ambient_0007.wav,clap,s07_phone_ambient,0.5066666666666667,48000,1,24320,WAV,PCM_16
clap\s07_phone_ambient\s7_phone_ambient_0008.wav,clap,s07_phone_ambient,0.5066666666666667,48000,1,24320,WAV,PCM_16
clap\s07_phone_ambient\s7_phone_ambient_0009.wav,clap,s07_phone_ambient,0.528,48000,1,25344,WAV,PCM_16
clap\s07_phone_ambient\s7_phone_ambient_0010.wav,clap,s07_phone_ambient,0.5173333333333333,48000,1,24832,WAV,PCM_16
clap\s07_phone_ambient\s7_phone_ambient_0011.wav,clap,s07_phone_ambient,0.48533333333333334,48000,1,23296,WAV,PCM_16
clap\s07_phone_ambient\s7_phone_ambient_0012.wav,clap,s07_phone_ambient,0.5386666666666666,48000,1,25856,WAV,PCM_16
clap\s07_phone_ambient\s7_phone_ambient_0013.wav,clap,s07_phone_ambient,0.528,48000,1,25344,WAV,PCM_16
clap\s07_phone_ambient\s7_phone_ambient_0014.wav,clap,s07_phone_ambient,0.528,48000,1,25344,WAV,PCM_16
clap\s07_phone_ambient\s7_phone_ambient_0015.wav,clap,s07_phone_ambient,0.5173333333333333,48000,1,24832,WAV,PCM_16
clap\s07_phone_ambient\s7_phone_ambient_0016.wav,clap,s07_phone_ambient,0.5173333333333333,48000,1,24832,WAV,PCM_16
clap\s07_phone_ambient\s7_phone_ambient_0017.wav,clap,s07_phone_ambient,0.5386666666666666,48000,1,25856,WAV,PCM_16
clap\s07_phone_ambient\s7_phone_ambient_0018.wav,clap,s07_phone_ambient,0.528,48000,1,25344,WAV,PCM_16
clap\s07_phone_ambient\s7_phone_ambient_0019.wav,clap,s07_phone_ambient,0.5493333333333333,48000,1,26368,WAV,PCM_16
clap\s07_phone_ambient\s7_phone_ambient_0020.wav,clap,s07_phone_ambient,0.528,48000,1,25344,WAV,PCM_16
clap\s07_phone_ambient\s7_phone_ambient_0021.wav,clap,s07_phone_ambient,0.5386666666666666,48000,1,25856,WAV,PCM_16
clap\s07_phone_ambient\s7_phone_ambient_0022.wav,clap,s07_phone_ambient,0.5386666666666666,48000,1,25856,WAV,PCM_16
clap\s08_pc_ambient\clap_0001.wav,clap,s08_pc_ambient,1.5,16000,1,24000,WAV,PCM_16
clap\s08_pc_ambient\clap_0002.wav,clap,s08_pc_ambient,1.5,16000,1,24000,WAV,PCM_16
clap\s08_pc_ambient\clap_0003.wav,clap,s08_pc_ambient,1.5,16000,1,24000,WAV,PCM_16
clap\s08_pc_ambient\clap_0004.wav,clap,s08_pc_ambient,1.5,16000,1,24000,WAV,PCM_16
clap\s08_pc_ambient\clap_0005.wav,clap,s08_pc_ambient,1.5,16000,1,24000,WAV,PCM_16
clap\s08_pc_ambient\clap_0006.wav,clap,s08_pc_ambient,1.5,16000,1,24000,WAV,PCM_16
clap\s08_pc_ambient\clap_0007.wav,clap,s08_pc_ambient,1.5,16000,1,24000,WAV,PCM_16
clap\s08_pc_ambient\clap_0008.wav,clap,s08_pc_ambient,1.5,16000,1,24000,WAV,PCM_16
clap\s08_pc_ambient\clap_0009.wav,clap,s08_pc_ambient,1.5,16000,1,24000,WAV,PCM_16
clap\s08_pc_ambient\clap_0010.wav,clap,s08_pc_ambient,1.5,16000,1,24000,WAV,PCM_16
clap\s08_pc_ambient\clap_0011.wav,clap,s08_pc_ambient,1.5,16000,1,24000,WAV,PCM_16
clap\s08_pc_ambient\clap_0012.wav,clap,s08_pc_ambient,1.5,16000,1,24000,WAV,PCM_16
clap\s08_pc_ambient\clap_0013.wav,clap,s08_pc_ambient,1.5,16000,1,24000,WAV,PCM_16
clap\s08_pc_ambient\clap_0014.wav,clap,s08_pc_ambient,1.5,16000,1,24000,WAV,PCM_16
clap\s08_pc_ambient\clap_0015.wav,clap,s08_pc_ambient,1.5,16000,1,24000,WAV,PCM_16
clap\s08_pc_ambient\clap_0016.wav,clap,s08_pc_ambient,1.5,16000,1,24000,WAV,PCM_16
clap\s08_pc_ambient\clap_0017.wav,clap,s08_pc_ambient,1.5,16000,1,24000,WAV,PCM_16
clap\s08_pc_ambient\clap_0018.wav,clap,s08_pc_ambient,1.5,16000,1,24000,WAV,PCM_16
clap\s08_pc_ambient\clap_0019.wav,clap,s08_pc_ambient,1.5,16000,1,24000,WAV,PCM_16
clap\s08_pc_ambient\clap_0020.wav,clap,s08_pc_ambient,1.5,16000,1,24000,WAV,PCM_16
knock\s01_pc_near\knock_0001.wav,knock,s01_pc_near,1.5,16000,1,24000,WAV,PCM_16
knock\s01_pc_near\knock_0002.wav,knock,s01_pc_near,1.5,16000,1,24000,WAV,PCM_16
knock\s01_pc_near\knock_0003.wav,knock,s01_pc_near,1.5,16000,1,24000,WAV,PCM_16
knock\s01_pc_near\knock_0004.wav,knock,s01_pc_near,1.5,16000,1,24000,WAV,PCM_16
knock\s01_pc_near\knock_0005.wav,knock,s01_pc_near,1.5,16000,1,24000,WAV,PCM_16
knock\s01_pc_near\knock_0006.wav,knock,s01_pc_near,1.5,16000,1,24000,WAV,PCM_16
knock\s01_pc_near\knock_0007.wav,knock,s01_pc_near,1.5,16000,1,24000,WAV,PCM_16
knock\s01_pc_near\knock_0008.wav,knock,s01_pc_near,1.5,16000,1,24000,WAV,PCM_16
knock\s01_pc_near\knock_0009.wav,knock,s01_pc_near,1.5,16000,1,24000,WAV,PCM_16
knock\s01_pc_near\knock_0010.wav,knock,s01_pc_near,1.5,16000,1,24000,WAV,PCM_16
knock\s01_pc_near\knock_0011.wav,knock,s01_pc_near,1.5,16000,1,24000,WAV,PCM_16
knock\s01_pc_near\knock_0012.wav,knock,s01_pc_near,1.5,16000,1,24000,WAV,PCM_16
knock\s01_pc_near\knock_0013.wav,knock,s01_pc_near,1.5,16000,1,24000,WAV,PCM_16
knock\s01_pc_near\knock_0014.wav,knock,s01_pc_near,1.5,16000,1,24000,WAV,PCM_16
knock\s01_pc_near\knock_0015.wav,knock,s01_pc_near,1.5,16000,1,24000,WAV,PCM_16
knock\s01_pc_near\knock_0016.wav,knock,s01_pc_near,1.5,16000,1,24000,WAV,PCM_16
knock\s01_pc_near\knock_0017.wav,knock,s01_pc_near,1.5,16000,1,24000,WAV,PCM_16
knock\s01_pc_near\knock_0018.wav,knock,s01_pc_near,1.5,16000,1,24000,WAV,PCM_16
knock\s01_pc_near\knock_0019.wav,knock,s01_pc_near,1.5,16000,1,24000,WAV,PCM_16
knock\s01_pc_near\knock_0020.wav,knock,s01_pc_near,1.5,16000,1,24000,WAV,PCM_16
knock\s02_phone_near\s2r1p30cm_knock_0004.wav,knock,s02_phone_near,0.5706666666666667,48000,1,27392,WAV,PCM_16
knock\s02_phone_near\s2r1p30cm_knock_0005.wav,knock,s02_phone_near,0.56,48000,1,26880,WAV,PCM_16
knock\s02_phone_near\s2r1p30cm_knock_0006.wav,knock,s02_phone_near,0.592,48000,1,28416,WAV,PCM_16
knock\s02_phone_near\s2r1p30cm_knock_0007.wav,knock,s02_phone_near,0.5706666666666667,48000,1,27392,WAV,PCM_16
knock\s02_phone_near\s2r1p30cm_knock_0008.wav,knock,s02_phone_near,0.5386666666666666,48000,1,25856,WAV,PCM_16
knock\s02_phone_near\s2r1p30cm_knock_0009.wav,knock,s02_phone_near,0.5493333333333333,48000,1,26368,WAV,PCM_16
knock\s02_phone_near\s2r1p30cm_knock_0010.wav,knock,s02_phone_near,0.5813333333333334,48000,1,27904,WAV,PCM_16
knock\s02_phone_near\s2r1p30cm_knock_0011.wav,knock,s02_phone_near,0.592,48000,1,28416,WAV,PCM_16
knock\s02_phone_near\s2r1p30cm_knock_0012.wav,knock,s02_phone_near,0.5813333333333334,48000,1,27904,WAV,PCM_16
knock\s02_phone_near\s2r1p30cm_knock_0013.wav,knock,s02_phone_near,0.592,48000,1,28416,WAV,PCM_16
knock\s02_phone_near\s2r1p30cm_knock_0014.wav,knock,s02_phone_near,0.592,48000,1,28416,WAV,PCM_16
knock\s02_phone_near\s2r1p30cm_knock_0015.wav,knock,s02_phone_near,0.5706666666666667,48000,1,27392,WAV,PCM_16
knock\s02_phone_near\s2r1p30cm_knock_0016.wav,knock,s02_phone_near,0.592,48000,1,28416,WAV,PCM_16
knock\s02_phone_near\s2r1p30cm_knock_0017.wav,knock,s02_phone_near,0.6133333333333333,48000,1,29440,WAV,PCM_16
knock\s02_phone_near\s2r1p30cm_knock_0018.wav,knock,s02_phone_near,0.56,48000,1,26880,WAV,PCM_16
knock\s02_phone_near\s2r1p30cm_knock_0019.wav,knock,s02_phone_near,0.5493333333333333,48000,1,26368,WAV,PCM_16
knock\s02_phone_near\s2r1p30cm_knock_0020.wav,knock,s02_phone_near,0.5493333333333333,48000,1,26368,WAV,PCM_16
knock\s02_phone_near\s2r1p30cm_knock_0021.wav,knock,s02_phone_near,0.5493333333333333,48000,1,26368,WAV,PCM_16
knock\s02_phone_near\s2r1p30cm_knock_0022.wav,knock,s02_phone_near,0.5493333333333333,48000,1,26368,WAV,PCM_16
knock\s03_pc_far\knock_0001.wav,knock,s03_pc_far,1.5,16000,1,24000,WAV,PCM_16
knock\s03_pc_far\knock_0002.wav,knock,s03_pc_far,1.5,16000,1,24000,WAV,PCM_16
knock\s03_pc_far\knock_0003.wav,knock,s03_pc_far,1.5,16000,1,24000,WAV,PCM_16
knock\s03_pc_far\knock_0004.wav,knock,s03_pc_far,1.5,16000,1,24000,WAV,PCM_16
knock\s03_pc_far\knock_0005.wav,knock,s03_pc_far,1.5,16000,1,24000,WAV,PCM_16
knock\s03_pc_far\knock_0006.wav,knock,s03_pc_far,1.5,16000,1,24000,WAV,PCM_16
knock\s03_pc_far\knock_0007.wav,knock,s03_pc_far,1.5,16000,1,24000,WAV,PCM_16
knock\s03_pc_far\knock_0008.wav,knock,s03_pc_far,1.5,16000,1,24000,WAV,PCM_16
knock\s03_pc_far\knock_0009.wav,knock,s03_pc_far,1.5,16000,1,24000,WAV,PCM_16
knock\s03_pc_far\knock_0010.wav,knock,s03_pc_far,1.5,16000,1,24000,WAV,PCM_16
knock\s03_pc_far\knock_0011.wav,knock,s03_pc_far,1.5,16000,1,24000,WAV,PCM_16
knock\s03_pc_far\knock_0012.wav,knock,s03_pc_far,1.5,16000,1,24000,WAV,PCM_16
knock\s03_pc_far\knock_0013.wav,knock,s03_pc_far,1.5,16000,1,24000,WAV,PCM_16
knock\s03_pc_far\knock_0014.wav,knock,s03_pc_far,1.5,16000,1,24000,WAV,PCM_16
knock\s03_pc_far\knock_0015.wav,knock,s03_pc_far,1.5,16000,1,24000,WAV,PCM_16
knock\s03_pc_far\knock_0016.wav,knock,s03_pc_far,1.5,16000,1,24000,WAV,PCM_16
knock\s03_pc_far\knock_0017.wav,knock,s03_pc_far,1.5,16000,1,24000,WAV,PCM_16
knock\s03_pc_far\knock_0018.wav,knock,s03_pc_far,1.5,16000,1,24000,WAV,PCM_16
knock\s03_pc_far\knock_0019.wav,knock,s03_pc_far,1.5,16000,1,24000,WAV,PCM_16
knock\s03_pc_far\knock_0020.wav,knock,s03_pc_far,1.5,16000,1,24000,WAV,PCM_16
knock\s04_phone_far\s4r1p2m_0057.wav,knock,s04_phone_far,0.56,48000,1,26880,WAV,PCM_16
knock\s04_phone_far\s4r1p2m_0058.wav,knock,s04_phone_far,0.56,48000,1,26880,WAV,PCM_16
knock\s04_phone_far\s4r1p2m_0059.wav,knock,s04_phone_far,0.5493333333333333,48000,1,26368,WAV,PCM_16
knock\s04_phone_far\s4r1p2m_0060.wav,knock,s04_phone_far,0.56,48000,1,26880,WAV,PCM_16
knock\s04_phone_far\s4r1p2m_0061.wav,knock,s04_phone_far,0.52,48000,1,24960,WAV,PCM_16
knock\s04_phone_far\s4r1p2m_0064.wav,knock,s04_phone_far,0.56,48000,1,26880,WAV,PCM_16
knock\s04_phone_far\s4r1p2m_0065.wav,knock,s04_phone_far,0.528,48000,1,25344,WAV,PCM_16
knock\s04_phone_far\s4r1p2m_0066.wav,knock,s04_phone_far,0.5386666666666666,48000,1,25856,WAV,PCM_16
knock\s04_phone_far\s4r1p2m_0067.wav,knock,s04_phone_far,0.5813333333333334,48000,1,27904,WAV,PCM_16
knock\s04_phone_far\s4r1p2m_0068.wav,knock,s04_phone_far,0.5813333333333334,48000,1,27904,WAV,PCM_16
knock\s04_phone_far\s4r1p2m_0069.wav,knock,s04_phone_far,0.5813333333333334,48000,1,27904,WAV,PCM_16
knock\s04_phone_far\s4r1p2m_0070.wav,knock,s04_phone_far,0.5813333333333334,48000,1,27904,WAV,PCM_16
knock\s04_phone_far\s4r1p2m_0071.wav,knock,s04_phone_far,0.56,48000,1,26880,WAV,PCM_16
knock\s04_phone_far\s4r1p2m_0072.wav,knock,s04_phone_far,0.5706666666666667,48000,1,27392,WAV,PCM_16
knock\s04_phone_far\s4r1p2m_0073.wav,knock,s04_phone_far,0.5706666666666667,48000,1,27392,WAV,PCM_16
knock\s04_phone_far\s4r1p2m_0074.wav,knock,s04_phone_far,0.56,48000,1,26880,WAV,PCM_16
knock\s04_phone_far\s4r1p2m_0075.wav,knock,s04_phone_far,0.5493333333333333,48000,1,26368,WAV,PCM_16
knock\s04_phone_far\s4r1p2m_0076.wav,knock,s04_phone_far,0.5813333333333334,48000,1,27904,WAV,PCM_16
knock\s04_phone_far\s4r1p2m_0077.wav,knock,s04_phone_far,0.56,48000,1,26880,WAV,PCM_16
knock\s04_phone_far\s4r1p2m_0078.wav,knock,s04_phone_far,0.56,48000,1,26880,WAV,PCM_16
knock\s04_phone_far\s4r1p2m_0079.wav,knock,s04_phone_far,0.5493333333333333,48000,1,26368,WAV,PCM_16
knock\s04_phone_far\s4r1p2m_0080.wav,knock,s04_phone_far,0.5493333333333333,48000,1,26368,WAV,PCM_16
knock\s04_phone_far\s4r1p2m_0081.wav,knock,s04_phone_far,0.5813333333333334,48000,1,27904,WAV,PCM_16
knock\s04_phone_far\s4r1p2m_0082.wav,knock,s04_phone_far,0.56,48000,1,26880,WAV,PCM_16
knock\s04_phone_far\s4r1p2m_0083.wav,knock,s04_phone_far,0.5493333333333333,48000,1,26368,WAV,PCM_16
knock\s04_phone_far\s4r1p2m_0084.wav,knock,s04_phone_far,0.5386666666666666,48000,1,25856,WAV,PCM_16
knock\s04_phone_far\s4r1p2m_0085.wav,knock,s04_phone_far,0.5493333333333333,48000,1,26368,WAV,PCM_16
knock\s04_phone_far\s4r1p2m_0086.wav,knock,s04_phone_far,0.5493333333333333,48000,1,26368,WAV,PCM_16
knock\s04_phone_far\s4r1p2m_0087.wav,knock,s04_phone_far,0.5493333333333333,48000,1,26368,WAV,PCM_16
knock\s04_phone_far\s4r1p2m_0088.wav,knock,s04_phone_far,0.5813333333333334,48000,1,27904,WAV,PCM_16
knock\s04_phone_far\s4r1p2m_0089.wav,knock,s04_phone_far,0.5813333333333334,48000,1,27904,WAV,PCM_16
knock\s04_phone_far\s4r1p2m_0090.wav,knock,s04_phone_far,0.22133333333333333,48000,1,10624,WAV,PCM_16
knock\s05_phone_r2_near\s5r2p30cm_0026.wav,knock,s05_phone_r2_near,0.5813333333333334,48000,1,27904,WAV,PCM_16
knock\s05_phone_r2_near\s5r2p30cm_0027.wav,knock,s05_phone_r2_near,0.5706666666666667,48000,1,27392,WAV,PCM_16
knock\s05_phone_r2_near\s5r2p30cm_0028.wav,knock,s05_phone_r2_near,0.56,48000,1,26880,WAV,PCM_16
knock\s05_phone_r2_near\s5r2p30cm_0029.wav,knock,s05_phone_r2_near,0.56,48000,1,26880,WAV,PCM_16
knock\s05_phone_r2_near\s5r2p30cm_0030.wav,knock,s05_phone_r2_near,0.5706666666666667,48000,1,27392,WAV,PCM_16
knock\s05_phone_r2_near\s5r2p30cm_0031.wav,knock,s05_phone_r2_near,0.52,48000,1,24960,WAV,PCM_16
knock\s05_phone_r2_near\s5r2p30cm_0035.wav,knock,s05_phone_r2_near,0.5493333333333333,48000,1,26368,WAV,PCM_16
knock\s05_phone_r2_near\s5r2p30cm_0036.wav,knock,s05_phone_r2_near,0.5493333333333333,48000,1,26368,WAV,PCM_16
knock\s05_phone_r2_near\s5r2p30cm_0037.wav,knock,s05_phone_r2_near,0.5813333333333334,48000,1,27904,WAV,PCM_16
knock\s05_phone_r2_near\s5r2p30cm_0038.wav,knock,s05_phone_r2_near,0.5706666666666667,48000,1,27392,WAV,PCM_16
knock\s05_phone_r2_near\s5r2p30cm_0039.wav,knock,s05_phone_r2_near,0.5493333333333333,48000,1,26368,WAV,PCM_16
knock\s05_phone_r2_near\s5r2p30cm_0040.wav,knock,s05_phone_r2_near,0.5493333333333333,48000,1,26368,WAV,PCM_16
knock\s05_phone_r2_near\s5r2p30cm_0041.wav,knock,s05_phone_r2_near,0.5706666666666667,48000,1,27392,WAV,PCM_16
knock\s05_phone_r2_near\s5r2p30cm_0042.wav,knock,s05_phone_r2_near,0.5493333333333333,48000,1,26368,WAV,PCM_16
knock\s05_phone_r2_near\s5r2p30cm_0043.wav,knock,s05_phone_r2_near,0.56,48000,1,26880,WAV,PCM_16
knock\s05_phone_r2_near\s5r2p30cm_0044.wav,knock,s05_phone_r2_near,0.5706666666666667,48000,1,27392,WAV,PCM_16
knock\s05_phone_r2_near\s5r2p30cm_0045.wav,knock,s05_phone_r2_near,0.5706666666666667,48000,1,27392,WAV,PCM_16
knock\s05_phone_r2_near\s5r2p30cm_0046.wav,knock,s05_phone_r2_near,0.5813333333333334,48000,1,27904,WAV,PCM_16
knock\s05_phone_r2_near\s5r2p30cm_0047.wav,knock,s05_phone_r2_near,0.56,48000,1,26880,WAV,PCM_16
knock\s06_pc_other_room\knock_0001.wav,knock,s06_pc_other_room,1.5,16000,1,24000,WAV,PCM_16
knock\s06_pc_other_room\knock_0002.wav,knock,s06_pc_other_room,1.5,16000,1,24000,WAV,PCM_16
knock\s06_pc_other_room\knock_0003.wav,knock,s06_pc_other_room,1.5,16000,1,24000,WAV,PCM_16
knock\s06_pc_other_room\knock_0004.wav,knock,s06_pc_other_room,1.5,16000,1,24000,WAV,PCM_16
knock\s06_pc_other_room\knock_0005.wav,knock,s06_pc_other_room,1.5,16000,1,24000,WAV,PCM_16
knock\s06_pc_other_room\knock_0006.wav,knock,s06_pc_other_room,1.5,16000,1,24000,WAV,PCM_16
knock\s06_pc_other_room\knock_0007.wav,knock,s06_pc_other_room,1.5,16000,1,24000,WAV,PCM_16
knock\s06_pc_other_room\knock_0008.wav,knock,s06_pc_other_room,1.5,16000,1,24000,WAV,PCM_16
knock\s06_pc_other_room\knock_0009.wav,knock,s06_pc_other_room,1.5,16000,1,24000,WAV,PCM_16
knock\s06_pc_other_room\knock_0010.wav,knock,s06_pc_other_room,1.5,16000,1,24000,WAV,PCM_16
knock\s06_pc_other_room\knock_0011.wav,knock,s06_pc_other_room,1.5,16000,1,24000,WAV,PCM_16
knock\s06_pc_other_room\knock_0012.wav,knock,s06_pc_other_room,1.5,16000,1,24000,WAV,PCM_16
knock\s06_pc_other_room\knock_0013.wav,knock,s06_pc_other_room,1.5,16000,1,24000,WAV,PCM_16
knock\s06_pc_other_room\knock_0014.wav,knock,s06_pc_other_room,1.5,16000,1,24000,WAV,PCM_16
knock\s06_pc_other_room\knock_0015.wav,knock,s06_pc_other_room,1.5,16000,1,24000,WAV,PCM_16
knock\s06_pc_other_room\knock_0016.wav,knock,s06_pc_other_room,1.5,16000,1,24000,WAV,PCM_16
knock\s06_pc_other_room\knock_0017.wav,knock,s06_pc_other_room,1.5,16000,1,24000,WAV,PCM_16
knock\s06_pc_other_room\knock_0018.wav,knock,s06_pc_other_room,1.5,16000,1,24000,WAV,PCM_16
knock\s06_pc_other_room\knock_0019.wav,knock,s06_pc_other_room,1.5,16000,1,24000,WAV,PCM_16
knock\s06_pc_other_room\knock_0020.wav,knock,s06_pc_other_room,1.5,16000,1,24000,WAV,PCM_16
knock\s07_phone_ambient\s7r1p_ambient_0058.wav,knock,s07_phone_ambient,0.6026666666666667,48000,1,28928,WAV,PCM_16
knock\s07_phone_ambient\s7r1p_ambient_0059.wav,knock,s07_phone_ambient,0.5813333333333334,48000,1,27904,WAV,PCM_16
knock\s07_phone_ambient\s7r1p_ambient_0060.wav,knock,s07_phone_ambient,0.592,48000,1,28416,WAV,PCM_16
knock\s07_phone_ambient\s7r1p_ambient_0061.wav,knock,s07_phone_ambient,0.592,48000,1,28416,WAV,PCM_16
knock\s07_phone_ambient\s7r1p_ambient_0062.wav,knock,s07_phone_ambient,0.5813333333333334,48000,1,27904,WAV,PCM_16
knock\s07_phone_ambient\s7r1p_ambient_0063.wav,knock,s07_phone_ambient,0.592,48000,1,28416,WAV,PCM_16
knock\s07_phone_ambient\s7r1p_ambient_0064.wav,knock,s07_phone_ambient,0.5706666666666667,48000,1,27392,WAV,PCM_16
knock\s07_phone_ambient\s7r1p_ambient_0065.wav,knock,s07_phone_ambient,0.592,48000,1,28416,WAV,PCM_16
knock\s07_phone_ambient\s7r1p_ambient_0066.wav,knock,s07_phone_ambient,0.5813333333333334,48000,1,27904,WAV,PCM_16
knock\s07_phone_ambient\s7r1p_ambient_0067.wav,knock,s07_phone_ambient,0.6026666666666667,48000,1,28928,WAV,PCM_16
knock\s07_phone_ambient\s7r1p_ambient_0068.wav,knock,s07_phone_ambient,0.5706666666666667,48000,1,27392,WAV,PCM_16
knock\s07_phone_ambient\s7r1p_ambient_0069.wav,knock,s07_phone_ambient,1.1893333333333334,48000,1,57088,WAV,PCM_16
knock\s07_phone_ambient\s7r1p_ambient_0070.wav,knock,s07_phone_ambient,0.592,48000,1,28416,WAV,PCM_16
knock\s07_phone_ambient\s7r1p_ambient_0071.wav,knock,s07_phone_ambient,0.592,48000,1,28416,WAV,PCM_16
knock\s07_phone_ambient\s7r1p_ambient_0072.wav,knock,s07_phone_ambient,0.6026666666666667,48000,1,28928,WAV,PCM_16
knock\s07_phone_ambient\s7r1p_ambient_0073.wav,knock,s07_phone_ambient,0.624,48000,1,29952,WAV,PCM_16
knock\s07_phone_ambient\s7r1p_ambient_0074.wav,knock,s07_phone_ambient,0.5706666666666667,48000,1,27392,WAV,PCM_16
knock\s07_phone_ambient\s7r1p_ambient_0075.wav,knock,s07_phone_ambient,0.5706666666666667,48000,1,27392,WAV,PCM_16
knock\s07_phone_ambient\s7r1p_ambient_0076.wav,knock,s07_phone_ambient,0.592,48000,1,28416,WAV,PCM_16
knock\s07_phone_ambient\s7r1p_ambient_0077.wav,knock,s07_phone_ambient,0.6026666666666667,48000,1,28928,WAV,PCM_16
knock\s07_phone_ambient\s7r1p_ambient_0078.wav,knock,s07_phone_ambient,0.5813333333333334,48000,1,27904,WAV,PCM_16
knock\s08_pc_ambient\knock_0002.wav,knock,s08_pc_ambient,1.5,16000,1,24000,WAV,PCM_16
knock\s08_pc_ambient\knock_0003.wav,knock,s08_pc_ambient,1.5,16000,1,24000,WAV,PCM_16
knock\s08_pc_ambient\knock_0004.wav,knock,s08_pc_ambient,1.5,16000,1,24000,WAV,PCM_16
knock\s08_pc_ambient\knock_0005.wav,knock,s08_pc_ambient,1.5,16000,1,24000,WAV,PCM_16
knock\s08_pc_ambient\knock_0006.wav,knock,s08_pc_ambient,1.5,16000,1,24000,WAV,PCM_16
knock\s08_pc_ambient\knock_0007.wav,knock,s08_pc_ambient,1.5,16000,1,24000,WAV,PCM_16
knock\s08_pc_ambient\knock_0008.wav,knock,s08_pc_ambient,1.5,16000,1,24000,WAV,PCM_16
knock\s08_pc_ambient\knock_0009.wav,knock,s08_pc_ambient,1.5,16000,1,24000,WAV,PCM_16
knock\s08_pc_ambient\knock_0010.wav,knock,s08_pc_ambient,1.5,16000,1,24000,WAV,PCM_16
knock\s08_pc_ambient\knock_0011.wav,knock,s08_pc_ambient,1.5,16000,1,24000,WAV,PCM_16
knock\s08_pc_ambient\knock_0012.wav,knock,s08_pc_ambient,1.5,16000,1,24000,WAV,PCM_16
knock\s08_pc_ambient\knock_0013.wav,knock,s08_pc_ambient,1.5,16000,1,24000,WAV,PCM_16
knock\s08_pc_ambient\knock_0014.wav,knock,s08_pc_ambient,1.5,16000,1,24000,WAV,PCM_16
knock\s08_pc_ambient\knock_0015.wav,knock,s08_pc_ambient,1.5,16000,1,24000,WAV,PCM_16
knock\s08_pc_ambient\knock_0016.wav,knock,s08_pc_ambient,1.5,16000,1,24000,WAV,PCM_16
knock\s08_pc_ambient\knock_0017.wav,knock,s08_pc_ambient,1.5,16000,1,24000,WAV,PCM_16
knock\s08_pc_ambient\knock_0018.wav,knock,s08_pc_ambient,1.5,16000,1,24000,WAV,PCM_16
knock\s08_pc_ambient\knock_0019.wav,knock,s08_pc_ambient,1.5,16000,1,24000,WAV,PCM_16
knock\s08_pc_ambient\knock_0020.wav,knock,s08_pc_ambient,1.5,16000,1,24000,WAV,PCM_16
knock\s08_pc_ambient\knock_0021.wav,knock,s08_pc_ambient,1.5,16000,1,24000,WAV,PCM_16
sing\s01_pc_near\sing_0001.wav,sing,s01_pc_near,1.5,16000,1,24000,WAV,PCM_16
sing\s01_pc_near\sing_0002.wav,sing,s01_pc_near,1.5,16000,1,24000,WAV,PCM_16
sing\s01_pc_near\sing_0003.wav,sing,s01_pc_near,1.5,16000,1,24000,WAV,PCM_16
sing\s01_pc_near\sing_0004.wav,sing,s01_pc_near,1.5,16000,1,24000,WAV,PCM_16
sing\s01_pc_near\sing_0005.wav,sing,s01_pc_near,1.5,16000,1,24000,WAV,PCM_16
sing\s01_pc_near\sing_0006.wav,sing,s01_pc_near,1.5,16000,1,24000,WAV,PCM_16
sing\s01_pc_near\sing_0007.wav,sing,s01_pc_near,1.5,16000,1,24000,WAV,PCM_16
sing\s01_pc_near\sing_0008.wav,sing,s01_pc_near,1.5,16000,1,24000,WAV,PCM_16
sing\s01_pc_near\sing_0009.wav,sing,s01_pc_near,1.5,16000,1,24000,WAV,PCM_16
sing\s01_pc_near\sing_0010.wav,sing,s01_pc_near,1.5,16000,1,24000,WAV,PCM_16
sing\s01_pc_near\sing_0011.wav,sing,s01_pc_near,1.5,16000,1,24000,WAV,PCM_16
sing\s01_pc_near\sing_0012.wav,sing,s01_pc_near,1.5,16000,1,24000,WAV,PCM_16
sing\s01_pc_near\sing_0013.wav,sing,s01_pc_near,1.5,16000,1,24000,WAV,PCM_16
sing\s01_pc_near\sing_0014.wav,sing,s01_pc_near,1.5,16000,1,24000,WAV,PCM_16
sing\s01_pc_near\sing_0015.wav,sing,s01_pc_near,1.5,16000,1,24000,WAV,PCM_16
sing\s01_pc_near\sing_0016.wav,sing,s01_pc_near,1.5,16000,1,24000,WAV,PCM_16
sing\s01_pc_near\sing_0017.wav,sing,s01_pc_near,1.5,16000,1,24000,WAV,PCM_16
sing\s01_pc_near\sing_0018.wav,sing,s01_pc_near,1.5,16000,1,24000,WAV,PCM_16
sing\s01_pc_near\sing_0019.wav,sing,s01_pc_near,1.5,16000,1,24000,WAV,PCM_16
sing\s01_pc_near\sing_0020.wav,sing,s01_pc_near,1.5,16000,1,24000,WAV,PCM_16
sing\s02_phone_near\s2r1p30cm_0001.wav,sing,s02_phone_near,0.784,48000,1,37632,WAV,PCM_16
sing\s02_phone_near\s2r1p30cm_0002.wav,sing,s02_phone_near,1.2746666666666666,48000,1,61184,WAV,PCM_16
sing\s02_phone_near\s2r1p30cm_0003.wav,sing,s02_phone_near,1.392,48000,1,66816,WAV,PCM_16
sing\s02_phone_near\s2r1p30cm_0004.wav,sing,s02_phone_near,1.3493333333333333,48000,1,64768,WAV,PCM_16
sing\s02_phone_near\s2r1p30cm_0005.wav,sing,s02_phone_near,1.616,48000,1,77568,WAV,PCM_16
sing\s02_phone_near\s2r1p30cm_0006.wav,sing,s02_phone_near,1.4773333333333334,48000,1,70912,WAV,PCM_16
sing\s02_phone_near\s2r1p30cm_0007.wav,sing,s02_phone_near,1.392,48000,1,66816,WAV,PCM_16
sing\s02_phone_near\s2r1p30cm_0008.wav,sing,s02_phone_near,1.616,48000,1,77568,WAV,PCM_16
sing\s02_phone_near\s2r1p30cm_0009.wav,sing,s02_phone_near,1.3173333333333332,48000,1,63232,WAV,PCM_16
sing\s02_phone_near\s2r1p30cm_0010.wav,sing,s02_phone_near,1.4133333333333333,48000,1,67840,WAV,PCM_16
sing\s02_phone_near\s2r1p30cm_0011.wav,sing,s02_phone_near,1.3813333333333333,48000,1,66304,WAV,PCM_16
sing\s02_phone_near\s2r1p30cm_0012.wav,sing,s02_phone_near,1.4666666666666666,48000,1,70400,WAV,PCM_16
sing\s02_phone_near\s2r1p30cm_0013.wav,sing,s02_phone_near,1.6053333333333333,48000,1,77056,WAV,PCM_16
sing\s02_phone_near\s2r1p30cm_0014.wav,sing,s02_phone_near,1.6373333333333333,48000,1,78592,WAV,PCM_16
sing\s02_phone_near\s2r1p30cm_0015.wav,sing,s02_phone_near,1.648,48000,1,79104,WAV,PCM_16
sing\s02_phone_near\s2r1p30cm_0016.wav,sing,s02_phone_near,1.744,48000,1,83712,WAV,PCM_16
sing\s02_phone_near\s2r1p30cm_0017.wav,sing,s02_phone_near,1.328,48000,1,63744,WAV,PCM_16
sing\s02_phone_near\s2r1p30cm_0018.wav,sing,s02_phone_near,1.7546666666666666,48000,1,84224,WAV,PCM_16
sing\s02_phone_near\s2r1p30cm_0019.wav,sing,s02_phone_near,1.4133333333333333,48000,1,67840,WAV,PCM_16
sing\s02_phone_near\s2r1p30cm_0020.wav,sing,s02_phone_near,1.552,48000,1,74496,WAV,PCM_16
sing\s02_phone_near\s2r1p30cm_0021.wav,sing,s02_phone_near,1.2853333333333334,48000,1,61696,WAV,PCM_16
sing\s02_phone_near\s2r1p30cm_0022.wav,sing,s02_phone_near,1.1786666666666668,48000,1,56576,WAV,PCM_16
sing\s02_phone_near\s2r1p30cm_0023.wav,sing,s02_phone_near,1.648,48000,1,79104,WAV,PCM_16
sing\s02_phone_near\s2r1p30cm_0024.wav,sing,s02_phone_near,1.5306666666666666,48000,1,73472,WAV,PCM_16
sing\s03_pc_far\sing_0001.wav,sing,s03_pc_far,1.5,16000,1,24000,WAV,PCM_16
sing\s03_pc_far\sing_0002.wav,sing,s03_pc_far,1.5,16000,1,24000,WAV,PCM_16
sing\s03_pc_far\sing_0003.wav,sing,s03_pc_far,1.5,16000,1,24000,WAV,PCM_16
sing\s03_pc_far\sing_0004.wav,sing,s03_pc_far,1.5,16000,1,24000,WAV,PCM_16
sing\s03_pc_far\sing_0005.wav,sing,s03_pc_far,1.5,16000,1,24000,WAV,PCM_16
sing\s03_pc_far\sing_0006.wav,sing,s03_pc_far,1.5,16000,1,24000,WAV,PCM_16
sing\s03_pc_far\sing_0007.wav,sing,s03_pc_far,1.5,16000,1,24000,WAV,PCM_16
sing\s03_pc_far\sing_0008.wav,sing,s03_pc_far,1.5,16000,1,24000,WAV,PCM_16
sing\s03_pc_far\sing_0009.wav,sing,s03_pc_far,1.5,16000,1,24000,WAV,PCM_16
sing\s03_pc_far\sing_0010.wav,sing,s03_pc_far,1.5,16000,1,24000,WAV,PCM_16
sing\s03_pc_far\sing_0011.wav,sing,s03_pc_far,1.5,16000,1,24000,WAV,PCM_16
sing\s03_pc_far\sing_0012.wav,sing,s03_pc_far,1.5,16000,1,24000,WAV,PCM_16
sing\s03_pc_far\sing_0013.wav,sing,s03_pc_far,1.5,16000,1,24000,WAV,PCM_16
sing\s03_pc_far\sing_0014.wav,sing,s03_pc_far,1.5,16000,1,24000,WAV,PCM_16
sing\s03_pc_far\sing_0015.wav,sing,s03_pc_far,1.5,16000,1,24000,WAV,PCM_16
sing\s03_pc_far\sing_0016.wav,sing,s03_pc_far,1.5,16000,1,24000,WAV,PCM_16
sing\s03_pc_far\sing_0017.wav,sing,s03_pc_far,1.5,16000,1,24000,WAV,PCM_16
sing\s03_pc_far\sing_0018.wav,sing,s03_pc_far,1.5,16000,1,24000,WAV,PCM_16
sing\s03_pc_far\sing_0019.wav,sing,s03_pc_far,1.5,16000,1,24000,WAV,PCM_16
sing\s03_pc_far\sing_0020.wav,sing,s03_pc_far,1.5,16000,1,24000,WAV,PCM_16
sing\s04_phone_far\s4r1p2m_0001.wav,sing,s04_phone_far,0.504,48000,1,24192,WAV,PCM_16
sing\s04_phone_far\s4r1p2m_0002.wav,sing,s04_phone_far,0.5466666666666666,48000,1,26240,WAV,PCM_16
sing\s04_phone_far\s4r1p2m_0003.wav,sing,s04_phone_far,1.136,48000,1,54528,WAV,PCM_16
sing\s04_phone_far\s4r1p2m_0004.wav,sing,s04_phone_far,1.0826666666666667,48000,1,51968,WAV,PCM_16
sing\s04_phone_far\s4r1p2m_0005.wav,sing,s04_phone_far,1.584,48000,1,76032,WAV,PCM_16
sing\s04_phone_far\s4r1p2m_0006.wav,sing,s04_phone_far,1.4453333333333334,48000,1,69376,WAV,PCM_16
sing\s04_phone_far\s4r1p2m_0007.wav,sing,s04_phone_far,1.4026666666666667,48000,1,67328,WAV,PCM_16
sing\s04_phone_far\s4r1p2m_0008.wav,sing,s04_phone_far,1.232,48000,1,59136,WAV,PCM_16
sing\s04_phone_far\s4r1p2m_0009.wav,sing,s04_phone_far,1.0106666666666666,48000,1,48512,WAV,PCM_16
sing\s04_phone_far\s4r1p2m_0010.wav,sing,s04_phone_far,0.424,48000,1,20352,WAV,PCM_16
sing\s04_phone_far\s4r1p2m_0011.wav,sing,s04_phone_far,1.36,48000,1,65280,WAV,PCM_16
sing\s04_phone_far\s4r1p2m_0012.wav,sing,s04_phone_far,1.4986666666666666,48000,1,71936,WAV,PCM_16
sing\s04_phone_far\s4r1p2m_0013.wav,sing,s04_phone_far,1.4453333333333334,48000,1,69376,WAV,PCM_16
sing\s04_phone_far\s4r1p2m_0014.wav,sing,s04_phone_far,0.976,48000,1,46848,WAV,PCM_16
sing\s04_phone_far\s4r1p2m_0015.wav,sing,s04_phone_far,1.1893333333333334,48000,1,57088,WAV,PCM_16
sing\s04_phone_far\s4r1p2m_0016.wav,sing,s04_phone_far,1.488,48000,1,71424,WAV,PCM_16
sing\s04_phone_far\s4r1p2m_0017.wav,sing,s04_phone_far,1.3493333333333333,48000,1,64768,WAV,PCM_16
sing\s04_phone_far\s4r1p2m_0018.wav,sing,s04_phone_far,1.3173333333333332,48000,1,63232,WAV,PCM_16
sing\s04_phone_far\s4r1p2m_0019.wav,sing,s04_phone_far,1.424,48000,1,68352,WAV,PCM_16
sing\s04_phone_far\s4r1p2m_0020.wav,sing,s04_phone_far,1.5306666666666666,48000,1,73472,WAV,PCM_16
sing\s04_phone_far\s4r1p2m_0021.wav,sing,s04_phone_far,1.456,48000,1,69888,WAV,PCM_16
sing\s04_phone_far\s4r1p2m_0022.wav,sing,s04_phone_far,1.3066666666666666,48000,1,62720,WAV,PCM_16
sing\s04_phone_far\s4r1p2m_0023.wav,sing,s04_phone_far,1.424,48000,1,68352,WAV,PCM_16
sing\s04_phone_far\s4r1p2m_0024.wav,sing,s04_phone_far,1.392,48000,1,66816,WAV,PCM_16
sing\s04_phone_far\s4r1p2m_0025.wav,sing,s04_phone_far,0.8666666666666667,48000,1,41600,WAV,PCM_16
sing\s05_phone_r2_near\s5r2p30cm_0002.wav,sing,s05_phone_r2_near,1.0613333333333332,48000,1,50944,WAV,PCM_16
sing\s05_phone_r2_near\s5r2p30cm_0003.wav,sing,s05_phone_r2_near,1.232,48000,1,59136,WAV,PCM_16
sing\s05_phone_r2_near\s5r2p30cm_0004.wav,sing,s05_phone_r2_near,1.424,48000,1,68352,WAV,PCM_16
sing\s05_phone_r2_near\s5r2p30cm_0005.wav,sing,s05_phone_r2_near,1.3066666666666666,48000,1,62720,WAV,PCM_16
sing\s05_phone_r2_near\s5r2p30cm_0006.wav,sing,s05_phone_r2_near,1.2213333333333334,48000,1,58624,WAV,PCM_16
sing\s05_phone_r2_near\s5r2p30cm_0007.wav,sing,s05_phone_r2_near,1.2533333333333334,48000,1,60160,WAV,PCM_16
sing\s05_phone_r2_near\s5r2p30cm_0008.wav,sing,s05_phone_r2_near,1.5093333333333334,48000,1,72448,WAV,PCM_16
sing\s05_phone_r2_near\s5r2p30cm_0009.wav,sing,s05_phone_r2_near,1.3706666666666667,48000,1,65792,WAV,PCM_16
sing\s05_phone_r2_near\s5r2p30cm_0010.wav,sing,s05_phone_r2_near,1.2426666666666666,48000,1,59648,WAV,PCM_16
sing\s05_phone_r2_near\s5r2p30cm_0011.wav,sing,s05_phone_r2_near,1.1146666666666667,48000,1,53504,WAV,PCM_16
sing\s05_phone_r2_near\s5r2p30cm_0012.wav,sing,s05_phone_r2_near,1.2426666666666666,48000,1,59648,WAV,PCM_16
sing\s05_phone_r2_near\s5r2p30cm_0013.wav,sing,s05_phone_r2_near,1.296,48000,1,62208,WAV,PCM_16
sing\s05_phone_r2_near\s5r2p30cm_0014.wav,sing,s05_phone_r2_near,1.5306666666666666,48000,1,73472,WAV,PCM_16
sing\s05_phone_r2_near\s5r2p30cm_0015.wav,sing,s05_phone_r2_near,1.424,48000,1,68352,WAV,PCM_16
sing\s05_phone_r2_near\s5r2p30cm_0016.wav,sing,s05_phone_r2_near,1.5413333333333334,48000,1,73984,WAV,PCM_16
sing\s05_phone_r2_near\s5r2p30cm_0017.wav,sing,s05_phone_r2_near,1.5306666666666666,48000,1,73472,WAV,PCM_16
sing\s05_phone_r2_near\s5r2p30cm_0018.wav,sing,s05_phone_r2_near,1.5626666666666666,48000,1,75008,WAV,PCM_16
sing\s05_phone_r2_near\s5r2p30cm_0019.wav,sing,s05_phone_r2_near,1.52,48000,1,72960,WAV,PCM_16
sing\s05_phone_r2_near\s5r2p30cm_0020.wav,sing,s05_phone_r2_near,1.488,48000,1,71424,WAV,PCM_16
sing\s05_phone_r2_near\s5r2p30cm_0021.wav,sing,s05_phone_r2_near,1.4986666666666666,48000,1,71936,WAV,PCM_16
sing\s05_phone_r2_near\s5r2p30cm_0022.wav,sing,s05_phone_r2_near,1.3813333333333333,48000,1,66304,WAV,PCM_16
sing\s05_phone_r2_near\s5r2p30cm_0023.wav,sing,s05_phone_r2_near,1.3493333333333333,48000,1,64768,WAV,PCM_16
sing\s05_phone_r2_near\s5r2p30cm_0024.wav,sing,s05_phone_r2_near,1.5413333333333334,48000,1,73984,WAV,PCM_16
sing\s06_pc_other_room\sing_0001.wav,sing,s06_pc_other_room,1.5,16000,1,24000,WAV,PCM_16
sing\s06_pc_other_room\sing_0002.wav,sing,s06_pc_other_room,1.5,16000,1,24000,WAV,PCM_16
sing\s06_pc_other_room\sing_0003.wav,sing,s06_pc_other_room,1.5,16000,1,24000,WAV,PCM_16
sing\s06_pc_other_room\sing_0004.wav,sing,s06_pc_other_room,1.5,16000,1,24000,WAV,PCM_16
sing\s06_pc_other_room\sing_0005.wav,sing,s06_pc_other_room,1.5,16000,1,24000,WAV,PCM_16
sing\s06_pc_other_room\sing_0006.wav,sing,s06_pc_other_room,1.5,16000,1,24000,WAV,PCM_16
sing\s06_pc_other_room\sing_0007.wav,sing,s06_pc_other_room,1.5,16000,1,24000,WAV,PCM_16
sing\s06_pc_other_room\sing_0008.wav,sing,s06_pc_other_room,1.5,16000,1,24000,WAV,PCM_16
sing\s06_pc_other_room\sing_0009.wav,sing,s06_pc_other_room,1.5,16000,1,24000,WAV,PCM_16
sing\s06_pc_other_room\sing_0010.wav,sing,s06_pc_other_room,1.5,16000,1,24000,WAV,PCM_16
sing\s06_pc_other_room\sing_0011.wav,sing,s06_pc_other_room,1.5,16000,1,24000,WAV,PCM_16
sing\s06_pc_other_room\sing_0012.wav,sing,s06_pc_other_room,1.5,16000,1,24000,WAV,PCM_16
sing\s06_pc_other_room\sing_0013.wav,sing,s06_pc_other_room,1.5,16000,1,24000,WAV,PCM_16
sing\s06_pc_other_room\sing_0014.wav,sing,s06_pc_other_room,1.5,16000,1,24000,WAV,PCM_16
sing\s06_pc_other_room\sing_0015.wav,sing,s06_pc_other_room,1.5,16000,1,24000,WAV,PCM_16
sing\s06_pc_other_room\sing_0016.wav,sing,s06_pc_other_room,1.5,16000,1,24000,WAV,PCM_16
sing\s06_pc_other_room\sing_0017.wav,sing,s06_pc_other_room,1.5,16000,1,24000,WAV,PCM_16
sing\s06_pc_other_room\sing_0018.wav,sing,s06_pc_other_room,1.5,16000,1,24000,WAV,PCM_16
sing\s06_pc_other_room\sing_0019.wav,sing,s06_pc_other_room,1.5,16000,1,24000,WAV,PCM_16
sing\s06_pc_other_room\sing_0020.wav,sing,s06_pc_other_room,1.5,16000,1,24000,WAV,PCM_16
sing\s07_phone_ambient\s7r1p_ambient_0005.wav,sing,s07_phone_ambient,1.3493333333333333,48000,1,64768,WAV,PCM_16
sing\s07_phone_ambient\s7r1p_ambient_0006.wav,sing,s07_phone_ambient,1.5093333333333334,48000,1,72448,WAV,PCM_16
sing\s07_phone_ambient\s7r1p_ambient_0007.wav,sing,s07_phone_ambient,1.648,48000,1,79104,WAV,PCM_16
sing\s07_phone_ambient\s7r1p_ambient_0008.wav,sing,s07_phone_ambient,1.4986666666666666,48000,1,71936,WAV,PCM_16
sing\s07_phone_ambient\s7r1p_ambient_0009.wav,sing,s07_phone_ambient,1.584,48000,1,76032,WAV,PCM_16
sing\s07_phone_ambient\s7r1p_ambient_0010.wav,sing,s07_phone_ambient,1.6906666666666668,48000,1,81152,WAV,PCM_16
sing\s07_phone_ambient\s7r1p_ambient_0011.wav,sing,s07_phone_ambient,1.7226666666666666,48000,1,82688,WAV,PCM_16
sing\s07_phone_ambient\s7r1p_ambient_0012.wav,sing,s07_phone_ambient,1.8613333333333333,48000,1,89344,WAV,PCM_16
sing\s07_phone_ambient\s7r1p_ambient_0013.wav,sing,s07_phone_ambient,1.5413333333333334,48000,1,73984,WAV,PCM_16
sing\s07_phone_ambient\s7r1p_ambient_0014.wav,sing,s07_phone_ambient,1.5626666666666666,48000,1,75008,WAV,PCM_16
sing\s07_phone_ambient\s7r1p_ambient_0015.wav,sing,s07_phone_ambient,1.84,48000,1,88320,WAV,PCM_16
sing\s07_phone_ambient\s7r1p_ambient_0017.wav,sing,s07_phone_ambient,1.5333333333333334,48000,1,73600,WAV,PCM_16
sing\s07_phone_ambient\s7r1p_ambient_0018.wav,sing,s07_phone_ambient,1.968,48000,1,94464,WAV,PCM_16
sing\s07_phone_ambient\s7r1p_ambient_0019.wav,sing,s07_phone_ambient,1.8186666666666667,48000,1,87296,WAV,PCM_16
sing\s07_phone_ambient\s7r1p_ambient_0020.wav,sing,s07_phone_ambient,1.5733333333333333,48000,1,75520,WAV,PCM_16
sing\s07_phone_ambient\s7r1p_ambient_0021.wav,sing,s07_phone_ambient,1.6586666666666667,48000,1,79616,WAV,PCM_16
sing\s07_phone_ambient\s7r1p_ambient_0022.wav,sing,s07_phone_ambient,1.552,48000,1,74496,WAV,PCM_16
sing\s07_phone_ambient\s7r1p_ambient_0023.wav,sing,s07_phone_ambient,1.7866666666666666,48000,1,85760,WAV,PCM_16
sing\s07_phone_ambient\s7r1p_ambient_0024.wav,sing,s07_phone_ambient,1.68,48000,1,80640,WAV,PCM_16
sing\s07_phone_ambient\s7r1p_ambient_0025.wav,sing,s07_phone_ambient,1.6693333333333333,48000,1,80128,WAV,PCM_16
sing\s07_phone_ambient\s7r1p_ambient_0026.wav,sing,s07_phone_ambient,1.5493333333333332,48000,1,74368,WAV,PCM_16
sing\s07_phone_ambient\s7r1p_ambient_0028.wav,sing,s07_phone_ambient,1.52,48000,1,72960,WAV,PCM_16
sing\s07_phone_ambient\s7r1p_ambient_0029.wav,sing,s07_phone_ambient,1.4453333333333334,48000,1,69376,WAV,PCM_16
sing\s08_pc_ambient\sing_0001.wav,sing,s08_pc_ambient,1.5,16000,1,24000,WAV,PCM_16
sing\s08_pc_ambient\sing_0002.wav,sing,s08_pc_ambient,1.5,16000,1,24000,WAV,PCM_16
sing\s08_pc_ambient\sing_0003.wav,sing,s08_pc_ambient,1.5,16000,1,24000,WAV,PCM_16
sing\s08_pc_ambient\sing_0004.wav,sing,s08_pc_ambient,1.5,16000,1,24000,WAV,PCM_16
sing\s08_pc_ambient\sing_0005.wav,sing,s08_pc_ambient,1.5,16000,1,24000,WAV,PCM_16
sing\s08_pc_ambient\sing_0006.wav,sing,s08_pc_ambient,1.5,16000,1,24000,WAV,PCM_16
sing\s08_pc_ambient\sing_0007.wav,sing,s08_pc_ambient,1.5,16000,1,24000,WAV,PCM_16
sing\s08_pc_ambient\sing_0008.wav,sing,s08_pc_ambient,1.5,16000,1,24000,WAV,PCM_16
sing\s08_pc_ambient\sing_0009.wav,sing,s08_pc_ambient,1.5,16000,1,24000,WAV,PCM_16
sing\s08_pc_ambient\sing_0010.wav,sing,s08_pc_ambient,1.5,16000,1,24000,WAV,PCM_16
sing\s08_pc_ambient\sing_0011.wav,sing,s08_pc_ambient,1.5,16000,1,24000,WAV,PCM_16
sing\s08_pc_ambient\sing_0012.wav,sing,s08_pc_ambient,1.5,16000,1,24000,WAV,PCM_16
sing\s08_pc_ambient\sing_0013.wav,sing,s08_pc_ambient,1.5,16000,1,24000,WAV,PCM_16
sing\s08_pc_ambient\sing_0014.wav,sing,s08_pc_ambient,1.5,16000,1,24000,WAV,PCM_16
sing\s08_pc_ambient\sing_0015.wav,sing,s08_pc_ambient,1.5,16000,1,24000,WAV,PCM_16
sing\s08_pc_ambient\sing_0016.wav,sing,s08_pc_ambient,1.5,16000,1,24000,WAV,PCM_16
sing\s08_pc_ambient\sing_0017.wav,sing,s08_pc_ambient,1.5,16000,1,24000,WAV,PCM_16
sing\s08_pc_ambient\sing_0018.wav,sing,s08_pc_ambient,1.5,16000,1,24000,WAV,PCM_16
sing\s08_pc_ambient\sing_0019.wav,sing,s08_pc_ambient,1.5,16000,1,24000,WAV,PCM_16
sing\s08_pc_ambient\sing_0020.wav,sing,s08_pc_ambient,1.5,16000,1,24000,WAV,PCM_16
spoon\s01_pc_near\spoon_0001.wav,spoon,s01_pc_near,1.5,16000,1,24000,WAV,PCM_16
spoon\s01_pc_near\spoon_0002.wav,spoon,s01_pc_near,1.5,16000,1,24000,WAV,PCM_16
spoon\s01_pc_near\spoon_0003.wav,spoon,s01_pc_near,1.5,16000,1,24000,WAV,PCM_16
spoon\s01_pc_near\spoon_0004.wav,spoon,s01_pc_near,1.5,16000,1,24000,WAV,PCM_16
spoon\s01_pc_near\spoon_0005.wav,spoon,s01_pc_near,1.5,16000,1,24000,WAV,PCM_16
spoon\s01_pc_near\spoon_0006.wav,spoon,s01_pc_near,1.5,16000,1,24000,WAV,PCM_16
spoon\s01_pc_near\spoon_0007.wav,spoon,s01_pc_near,1.5,16000,1,24000,WAV,PCM_16
spoon\s01_pc_near\spoon_0008.wav,spoon,s01_pc_near,1.5,16000,1,24000,WAV,PCM_16
spoon\s01_pc_near\spoon_0009.wav,spoon,s01_pc_near,1.5,16000,1,24000,WAV,PCM_16
spoon\s01_pc_near\spoon_0010.wav,spoon,s01_pc_near,1.5,16000,1,24000,WAV,PCM_16
spoon\s01_pc_near\spoon_0011.wav,spoon,s01_pc_near,1.5,16000,1,24000,WAV,PCM_16
spoon\s01_pc_near\spoon_0012.wav,spoon,s01_pc_near,1.5,16000,1,24000,WAV,PCM_16
spoon\s01_pc_near\spoon_0013.wav,spoon,s01_pc_near,1.5,16000,1,24000,WAV,PCM_16
spoon\s01_pc_near\spoon_0014.wav,spoon,s01_pc_near,1.5,16000,1,24000,WAV,PCM_16
spoon\s01_pc_near\spoon_0015.wav,spoon,s01_pc_near,1.5,16000,1,24000,WAV,PCM_16
spoon\s01_pc_near\spoon_0016.wav,spoon,s01_pc_near,1.5,16000,1,24000,WAV,PCM_16
spoon\s01_pc_near\spoon_0017.wav,spoon,s01_pc_near,1.5,16000,1,24000,WAV,PCM_16
spoon\s01_pc_near\spoon_0018.wav,spoon,s01_pc_near,1.5,16000,1,24000,WAV,PCM_16
spoon\s01_pc_near\spoon_0019.wav,spoon,s01_pc_near,1.5,16000,1,24000,WAV,PCM_16
spoon\s01_pc_near\spoon_0020.wav,spoon,s01_pc_near,1.5,16000,1,24000,WAV,PCM_16
spoon\s02_phone_near\s2r1p30cm_0026.wav,spoon,s02_phone_near,0.5066666666666667,48000,1,24320,WAV,PCM_16
spoon\s02_phone_near\s2r1p30cm_0027.wav,spoon,s02_phone_near,0.432,48000,1,20736,WAV,PCM_16
spoon\s02_phone_near\s2r1p30cm_0028.wav,spoon,s02_phone_near,0.528,48000,1,25344,WAV,PCM_16
spoon\s02_phone_near\s2r1p30cm_0029.wav,spoon,s02_phone_near,0.5386666666666666,48000,1,25856,WAV,PCM_16
spoon\s02_phone_near\s2r1p30cm_0030.wav,spoon,s02_phone_near,0.56,48000,1,26880,WAV,PCM_16
spoon\s02_phone_near\s2r1p30cm_0031.wav,spoon,s02_phone_near,0.5173333333333333,48000,1,24832,WAV,PCM_16
spoon\s02_phone_near\s2r1p30cm_0032.wav,spoon,s02_phone_near,0.5493333333333333,48000,1,26368,WAV,PCM_16
spoon\s02_phone_near\s2r1p30cm_0033.wav,spoon,s02_phone_near,0.5386666666666666,48000,1,25856,WAV,PCM_16
spoon\s02_phone_near\s2r1p30cm_0034.wav,spoon,s02_phone_near,0.48533333333333334,48000,1,23296,WAV,PCM_16
spoon\s02_phone_near\s2r1p30cm_0035.wav,spoon,s02_phone_near,0.6133333333333333,48000,1,29440,WAV,PCM_16
spoon\s02_phone_near\s2r1p30cm_0036.wav,spoon,s02_phone_near,0.5173333333333333,48000,1,24832,WAV,PCM_16
spoon\s02_phone_near\s2r1p30cm_0037.wav,spoon,s02_phone_near,0.5813333333333334,48000,1,27904,WAV,PCM_16
spoon\s02_phone_near\s2r1p30cm_0038.wav,spoon,s02_phone_near,0.5706666666666667,48000,1,27392,WAV,PCM_16
spoon\s02_phone_near\s2r1p30cm_0039.wav,spoon,s02_phone_near,0.56,48000,1,26880,WAV,PCM_16
spoon\s02_phone_near\s2r1p30cm_0040.wav,spoon,s02_phone_near,0.5706666666666667,48000,1,27392,WAV,PCM_16
spoon\s02_phone_near\s2r1p30cm_0041.wav,spoon,s02_phone_near,0.6026666666666667,48000,1,28928,WAV,PCM_16
spoon\s02_phone_near\s2r1p30cm_0042.wav,spoon,s02_phone_near,0.5493333333333333,48000,1,26368,WAV,PCM_16
spoon\s02_phone_near\s2r1p30cm_0043.wav,spoon,s02_phone_near,0.5493333333333333,48000,1,26368,WAV,PCM_16
spoon\s02_phone_near\s2r1p30cm_0044.wav,spoon,s02_phone_near,0.56,48000,1,26880,WAV,PCM_16
spoon\s02_phone_near\s2r1p30cm_0045.wav,spoon,s02_phone_near,0.5386666666666666,48000,1,25856,WAV,PCM_16
spoon\s02_phone_near\s2r1p30cm_0046.wav,spoon,s02_phone_near,0.5066666666666667,48000,1,24320,WAV,PCM_16
spoon\s02_phone_near\s2r1p30cm_0047.wav,spoon,s02_phone_near,0.5706666666666667,48000,1,27392,WAV,PCM_16
spoon\s02_phone_near\s2r1p30cm_0048.wav,spoon,s02_phone_near,0.5706666666666667,48000,1,27392,WAV,PCM_16
spoon\s02_phone_near\s2r1p30cm_0049.wav,spoon,s02_phone_near,0.5706666666666667,48000,1,27392,WAV,PCM_16
spoon\s02_phone_near\s2r1p30cm_0050.wav,spoon,s02_phone_near,0.6133333333333333,48000,1,29440,WAV,PCM_16
spoon\s02_phone_near\s2r1p30cm_0051.wav,spoon,s02_phone_near,0.5386666666666666,48000,1,25856,WAV,PCM_16
spoon\s03_pc_far\spoon_0001.wav,spoon,s03_pc_far,1.5,16000,1,24000,WAV,PCM_16
spoon\s03_pc_far\spoon_0002.wav,spoon,s03_pc_far,1.5,16000,1,24000,WAV,PCM_16
spoon\s03_pc_far\spoon_0003.wav,spoon,s03_pc_far,1.5,16000,1,24000,WAV,PCM_16
spoon\s03_pc_far\spoon_0004.wav,spoon,s03_pc_far,1.5,16000,1,24000,WAV,PCM_16
spoon\s03_pc_far\spoon_0005.wav,spoon,s03_pc_far,1.5,16000,1,24000,WAV,PCM_16
spoon\s03_pc_far\spoon_0006.wav,spoon,s03_pc_far,1.5,16000,1,24000,WAV,PCM_16
spoon\s03_pc_far\spoon_0007.wav,spoon,s03_pc_far,1.5,16000,1,24000,WAV,PCM_16
spoon\s03_pc_far\spoon_0008.wav,spoon,s03_pc_far,1.5,16000,1,24000,WAV,PCM_16
spoon\s03_pc_far\spoon_0009.wav,spoon,s03_pc_far,1.5,16000,1,24000,WAV,PCM_16
spoon\s03_pc_far\spoon_0010.wav,spoon,s03_pc_far,1.5,16000,1,24000,WAV,PCM_16
spoon\s03_pc_far\spoon_0011.wav,spoon,s03_pc_far,1.5,16000,1,24000,WAV,PCM_16
spoon\s03_pc_far\spoon_0012.wav,spoon,s03_pc_far,1.5,16000,1,24000,WAV,PCM_16
spoon\s03_pc_far\spoon_0013.wav,spoon,s03_pc_far,1.5,16000,1,24000,WAV,PCM_16
spoon\s03_pc_far\spoon_0014.wav,spoon,s03_pc_far,1.5,16000,1,24000,WAV,PCM_16
spoon\s03_pc_far\spoon_0015.wav,spoon,s03_pc_far,1.5,16000,1,24000,WAV,PCM_16
spoon\s03_pc_far\spoon_0016.wav,spoon,s03_pc_far,1.5,16000,1,24000,WAV,PCM_16
spoon\s03_pc_far\spoon_0017.wav,spoon,s03_pc_far,1.5,16000,1,24000,WAV,PCM_16
spoon\s03_pc_far\spoon_0018.wav,spoon,s03_pc_far,1.5,16000,1,24000,WAV,PCM_16
spoon\s03_pc_far\spoon_0019.wav,spoon,s03_pc_far,1.5,16000,1,24000,WAV,PCM_16
spoon\s03_pc_far\spoon_0020.wav,spoon,s03_pc_far,1.5,16000,1,24000,WAV,PCM_16
spoon\s04_phone_far\s4r1p2m_0028.wav,spoon,s04_phone_far,0.44266666666666665,48000,1,21248,WAV,PCM_16
spoon\s04_phone_far\s4r1p2m_0029.wav,spoon,s04_phone_far,0.6133333333333333,48000,1,29440,WAV,PCM_16
spoon\s04_phone_far\s4r1p2m_0030.wav,spoon,s04_phone_far,0.5386666666666666,48000,1,25856,WAV,PCM_16
spoon\s04_phone_far\s4r1p2m_0031.wav,spoon,s04_phone_far,0.5493333333333333,48000,1,26368,WAV,PCM_16
spoon\s04_phone_far\s4r1p2m_0032.wav,spoon,s04_phone_far,0.56,48000,1,26880,WAV,PCM_16
spoon\s04_phone_far\s4r1p2m_0033.wav,spoon,s04_phone_far,0.496,48000,1,23808,WAV,PCM_16
spoon\s04_phone_far\s4r1p2m_0034.wav,spoon,s04_phone_far,0.56,48000,1,26880,WAV,PCM_16
spoon\s04_phone_far\s4r1p2m_0035.wav,spoon,s04_phone_far,0.5706666666666667,48000,1,27392,WAV,PCM_16
spoon\s04_phone_far\s4r1p2m_0036.wav,spoon,s04_phone_far,0.5386666666666666,48000,1,25856,WAV,PCM_16
spoon\s04_phone_far\s4r1p2m_0037.wav,spoon,s04_phone_far,0.528,48000,1,25344,WAV,PCM_16
spoon\s04_phone_far\s4r1p2m_0038.wav,spoon,s04_phone_far,0.5386666666666666,48000,1,25856,WAV,PCM_16
spoon\s04_phone_far\s4r1p2m_0039.wav,spoon,s04_phone_far,0.56,48000,1,26880,WAV,PCM_16
spoon\s04_phone_far\s4r1p2m_0040.wav,spoon,s04_phone_far,0.5813333333333334,48000,1,27904,WAV,PCM_16
spoon\s04_phone_far\s4r1p2m_0041.wav,spoon,s04_phone_far,0.528,48000,1,25344,WAV,PCM_16
spoon\s04_phone_far\s4r1p2m_0042.wav,spoon,s04_phone_far,0.56,48000,1,26880,WAV,PCM_16
spoon\s04_phone_far\s4r1p2m_0043.wav,spoon,s04_phone_far,0.5813333333333334,48000,1,27904,WAV,PCM_16
spoon\s04_phone_far\s4r1p2m_0044.wav,spoon,s04_phone_far,0.4746666666666667,48000,1,22784,WAV,PCM_16
spoon\s04_phone_far\s4r1p2m_0045.wav,spoon,s04_phone_far,0.592,48000,1,28416,WAV,PCM_16
spoon\s04_phone_far\s4r1p2m_0046.wav,spoon,s04_phone_far,0.6346666666666667,48000,1,30464,WAV,PCM_16
spoon\s04_phone_far\s4r1p2m_0047.wav,spoon,s04_phone_far,0.528,48000,1,25344,WAV,PCM_16
spoon\s04_phone_far\s4r1p2m_0048.wav,spoon,s04_phone_far,0.5173333333333333,48000,1,24832,WAV,PCM_16
spoon\s04_phone_far\s4r1p2m_0049.wav,spoon,s04_phone_far,0.528,48000,1,25344,WAV,PCM_16
spoon\s04_phone_far\s4r1p2m_0050.wav,spoon,s04_phone_far,0.5386666666666666,48000,1,25856,WAV,PCM_16
spoon\s04_phone_far\s4r1p2m_0051.wav,spoon,s04_phone_far,0.5493333333333333,48000,1,26368,WAV,PCM_16
spoon\s04_phone_far\s4r1p2m_0052.wav,spoon,s04_phone_far,0.5173333333333333,48000,1,24832,WAV,PCM_16
spoon\s04_phone_far\s4r1p2m_0053.wav,spoon,s04_phone_far,0.592,48000,1,28416,WAV,PCM_16
spoon\s04_phone_far\s4r1p2m_0054.wav,spoon,s04_phone_far,0.5813333333333334,48000,1,27904,WAV,PCM_16
spoon\s05_phone_r2_near\s5r2p30cm_0049.wav,spoon,s05_phone_r2_near,0.5706666666666667,48000,1,27392,WAV,PCM_16
spoon\s05_phone_r2_near\s5r2p30cm_0050.wav,spoon,s05_phone_r2_near,0.592,48000,1,28416,WAV,PCM_16
spoon\s05_phone_r2_near\s5r2p30cm_0051.wav,spoon,s05_phone_r2_near,0.5813333333333334,48000,1,27904,WAV,PCM_16
spoon\s05_phone_r2_near\s5r2p30cm_0052.wav,spoon,s05_phone_r2_near,0.624,48000,1,29952,WAV,PCM_16
spoon\s05_phone_r2_near\s5r2p30cm_0053.wav,spoon,s05_phone_r2_near,0.56,48000,1,26880,WAV,PCM_16
spoon\s05_phone_r2_near\s5r2p30cm_0054.wav,spoon,s05_phone_r2_near,0.6133333333333333,48000,1,29440,WAV,PCM_16
spoon\s05_phone_r2_near\s5r2p30cm_0055.wav,spoon,s05_phone_r2_near,0.592,48000,1,28416,WAV,PCM_16
spoon\s05_phone_r2_near\s5r2p30cm_0056.wav,spoon,s05_phone_r2_near,0.5706666666666667,48000,1,27392,WAV,PCM_16
spoon\s05_phone_r2_near\s5r2p30cm_0057.wav,spoon,s05_phone_r2_near,0.6346666666666667,48000,1,30464,WAV,PCM_16
spoon\s05_phone_r2_near\s5r2p30cm_0058.wav,spoon,s05_phone_r2_near,0.688,48000,1,33024,WAV,PCM_16
spoon\s05_phone_r2_near\s5r2p30cm_0059.wav,spoon,s05_phone_r2_near,0.6346666666666667,48000,1,30464,WAV,PCM_16
spoon\s05_phone_r2_near\s5r2p30cm_0060.wav,spoon,s05_phone_r2_near,0.6346666666666667,48000,1,30464,WAV,PCM_16
spoon\s05_phone_r2_near\s5r2p30cm_0061.wav,spoon,s05_phone_r2_near,0.5813333333333334,48000,1,27904,WAV,PCM_16
spoon\s05_phone_r2_near\s5r2p30cm_0062.wav,spoon,s05_phone_r2_near,0.5386666666666666,48000,1,25856,WAV,PCM_16
spoon\s05_phone_r2_near\s5r2p30cm_0063.wav,spoon,s05_phone_r2_near,0.6026666666666667,48000,1,28928,WAV,PCM_16
spoon\s05_phone_r2_near\s5r2p30cm_0064.wav,spoon,s05_phone_r2_near,0.624,48000,1,29952,WAV,PCM_16
spoon\s05_phone_r2_near\s5r2p30cm_0065.wav,spoon,s05_phone_r2_near,0.592,48000,1,28416,WAV,PCM_16
spoon\s05_phone_r2_near\s5r2p30cm_0066.wav,spoon,s05_phone_r2_near,0.592,48000,1,28416,WAV,PCM_16
spoon\s05_phone_r2_near\s5r2p30cm_0067.wav,spoon,s05_phone_r2_near,0.624,48000,1,29952,WAV,PCM_16
spoon\s05_phone_r2_near\s5r2p30cm_0068.wav,spoon,s05_phone_r2_near,0.592,48000,1,28416,WAV,PCM_16
spoon\s05_phone_r2_near\s5r2p30cm_0069.wav,spoon,s05_phone_r2_near,0.6666666666666666,48000,1,32000,WAV,PCM_16
spoon\s05_phone_r2_near\s5r2p30cm_0070.wav,spoon,s05_phone_r2_near,0.6346666666666667,48000,1,30464,WAV,PCM_16
spoon\s05_phone_r2_near\s5r2p30cm_0071.wav,spoon,s05_phone_r2_near,0.6133333333333333,48000,1,29440,WAV,PCM_16
spoon\s06_pc_other_room\spoon_0001.wav,spoon,s06_pc_other_room,1.5,16000,1,24000,WAV,PCM_16
spoon\s06_pc_other_room\spoon_0002.wav,spoon,s06_pc_other_room,1.5,16000,1,24000,WAV,PCM_16
spoon\s06_pc_other_room\spoon_0003.wav,spoon,s06_pc_other_room,1.5,16000,1,24000,WAV,PCM_16
spoon\s06_pc_other_room\spoon_0004.wav,spoon,s06_pc_other_room,1.5,16000,1,24000,WAV,PCM_16
spoon\s06_pc_other_room\spoon_0005.wav,spoon,s06_pc_other_room,1.5,16000,1,24000,WAV,PCM_16
spoon\s06_pc_other_room\spoon_0006.wav,spoon,s06_pc_other_room,1.5,16000,1,24000,WAV,PCM_16
spoon\s06_pc_other_room\spoon_0007.wav,spoon,s06_pc_other_room,1.5,16000,1,24000,WAV,PCM_16
spoon\s06_pc_other_room\spoon_0008.wav,spoon,s06_pc_other_room,1.5,16000,1,24000,WAV,PCM_16
spoon\s06_pc_other_room\spoon_0009.wav,spoon,s06_pc_other_room,1.5,16000,1,24000,WAV,PCM_16
spoon\s06_pc_other_room\spoon_0010.wav,spoon,s06_pc_other_room,1.5,16000,1,24000,WAV,PCM_16
spoon\s06_pc_other_room\spoon_0011.wav,spoon,s06_pc_other_room,1.5,16000,1,24000,WAV,PCM_16
spoon\s06_pc_other_room\spoon_0012.wav,spoon,s06_pc_other_room,1.5,16000,1,24000,WAV,PCM_16
spoon\s06_pc_other_room\spoon_0013.wav,spoon,s06_pc_other_room,1.5,16000,1,24000,WAV,PCM_16
spoon\s06_pc_other_room\spoon_0014.wav,spoon,s06_pc_other_room,1.5,16000,1,24000,WAV,PCM_16
spoon\s06_pc_other_room\spoon_0015.wav,spoon,s06_pc_other_room,1.5,16000,1,24000,WAV,PCM_16
spoon\s06_pc_other_room\spoon_0016.wav,spoon,s06_pc_other_room,1.5,16000,1,24000,WAV,PCM_16
spoon\s06_pc_other_room\spoon_0017.wav,spoon,s06_pc_other_room,1.5,16000,1,24000,WAV,PCM_16
spoon\s06_pc_other_room\spoon_0018.wav,spoon,s06_pc_other_room,1.5,16000,1,24000,WAV,PCM_16
spoon\s06_pc_other_room\spoon_0019.wav,spoon,s06_pc_other_room,1.5,16000,1,24000,WAV,PCM_16
spoon\s06_pc_other_room\spoon_0020.wav,spoon,s06_pc_other_room,1.5,16000,1,24000,WAV,PCM_16
spoon\s07_phone_ambient\s7r1p_ambient_0031.wav,spoon,s07_phone_ambient,0.592,48000,1,28416,WAV,PCM_16
spoon\s07_phone_ambient\s7r1p_ambient_0032.wav,spoon,s07_phone_ambient,0.6026666666666667,48000,1,28928,WAV,PCM_16
spoon\s07_phone_ambient\s7r1p_ambient_0033.wav,spoon,s07_phone_ambient,0.6133333333333333,48000,1,29440,WAV,PCM_16
spoon\s07_phone_ambient\s7r1p_ambient_0034.wav,spoon,s07_phone_ambient,0.6346666666666667,48000,1,30464,WAV,PCM_16
spoon\s07_phone_ambient\s7r1p_ambient_0035.wav,spoon,s07_phone_ambient,0.56,48000,1,26880,WAV,PCM_16
spoon\s07_phone_ambient\s7r1p_ambient_0036.wav,spoon,s07_phone_ambient,0.5386666666666666,48000,1,25856,WAV,PCM_16
spoon\s07_phone_ambient\s7r1p_ambient_0037.wav,spoon,s07_phone_ambient,0.624,48000,1,29952,WAV,PCM_16
spoon\s07_phone_ambient\s7r1p_ambient_0038.wav,spoon,s07_phone_ambient,0.6026666666666667,48000,1,28928,WAV,PCM_16
spoon\s07_phone_ambient\s7r1p_ambient_0039.wav,spoon,s07_phone_ambient,0.6026666666666667,48000,1,28928,WAV,PCM_16
spoon\s07_phone_ambient\s7r1p_ambient_0040.wav,spoon,s07_phone_ambient,0.56,48000,1,26880,WAV,PCM_16
spoon\s07_phone_ambient\s7r1p_ambient_0041.wav,spoon,s07_phone_ambient,0.6026666666666667,48000,1,28928,WAV,PCM_16
spoon\s07_phone_ambient\s7r1p_ambient_0042.wav,spoon,s07_phone_ambient,0.528,48000,1,25344,WAV,PCM_16
spoon\s07_phone_ambient\s7r1p_ambient_0043.wav,spoon,s07_phone_ambient,0.5386666666666666,48000,1,25856,WAV,PCM_16
spoon\s07_phone_ambient\s7r1p_ambient_0044.wav,spoon,s07_phone_ambient,0.5386666666666666,48000,1,25856,WAV,PCM_16
spoon\s07_phone_ambient\s7r1p_ambient_0045.wav,spoon,s07_phone_ambient,0.528,48000,1,25344,WAV,PCM_16
spoon\s07_phone_ambient\s7r1p_ambient_0046.wav,spoon,s07_phone_ambient,0.5493333333333333,48000,1,26368,WAV,PCM_16
spoon\s07_phone_ambient\s7r1p_ambient_0047.wav,spoon,s07_phone_ambient,0.6453333333333333,48000,1,30976,WAV,PCM_16
spoon\s07_phone_ambient\s7r1p_ambient_0048.wav,spoon,s07_phone_ambient,0.5493333333333333,48000,1,26368,WAV,PCM_16
spoon\s07_phone_ambient\s7r1p_ambient_0049.wav,spoon,s07_phone_ambient,0.56,48000,1,26880,WAV,PCM_16
spoon\s07_phone_ambient\s7r1p_ambient_0050.wav,spoon,s07_phone_ambient,0.624,48000,1,29952,WAV,PCM_16
spoon\s07_phone_ambient\s7r1p_ambient_0051.wav,spoon,s07_phone_ambient,0.592,48000,1,28416,WAV,PCM_16
spoon\s07_phone_ambient\s7r1p_ambient_0052.wav,spoon,s07_phone_ambient,0.528,48000,1,25344,WAV,PCM_16
spoon\s07_phone_ambient\s7r1p_ambient_0053.wav,spoon,s07_phone_ambient,0.5386666666666666,48000,1,25856,WAV,PCM_16
spoon\s07_phone_ambient\s7r1p_ambient_0054.wav,spoon,s07_phone_ambient,0.5706666666666667,48000,1,27392,WAV,PCM_16
spoon\s07_phone_ambient\s7r1p_ambient_0055.wav,spoon,s07_phone_ambient,0.5493333333333333,48000,1,26368,WAV,PCM_16
spoon\s08_pc_ambient\spoon_0001.wav,spoon,s08_pc_ambient,1.5,16000,1,24000,WAV,PCM_16
spoon\s08_pc_ambient\spoon_0002.wav,spoon,s08_pc_ambient,1.5,16000,1,24000,WAV,PCM_16
spoon\s08_pc_ambient\spoon_0003.wav,spoon,s08_pc_ambient,1.5,16000,1,24000,WAV,PCM_16
spoon\s08_pc_ambient\spoon_0004.wav,spoon,s08_pc_ambient,1.5,16000,1,24000,WAV,PCM_16
spoon\s08_pc_ambient\spoon_0005.wav,spoon,s08_pc_ambient,1.5,16000,1,24000,WAV,PCM_16
spoon\s08_pc_ambient\spoon_0006.wav,spoon,s08_pc_ambient,1.5,16000,1,24000,WAV,PCM_16
spoon\s08_pc_ambient\spoon_0007.wav,spoon,s08_pc_ambient,1.5,16000,1,24000,WAV,PCM_16
spoon\s08_pc_ambient\spoon_0008.wav,spoon,s08_pc_ambient,1.5,16000,1,24000,WAV,PCM_16
spoon\s08_pc_ambient\spoon_0009.wav,spoon,s08_pc_ambient,1.5,16000,1,24000,WAV,PCM_16
spoon\s08_pc_ambient\spoon_0010.wav,spoon,s08_pc_ambient,1.5,16000,1,24000,WAV,PCM_16
spoon\s08_pc_ambient\spoon_0011.wav,spoon,s08_pc_ambient,1.5,16000,1,24000,WAV,PCM_16
spoon\s08_pc_ambient\spoon_0012.wav,spoon,s08_pc_ambient,1.5,16000,1,24000,WAV,PCM_16
spoon\s08_pc_ambient\spoon_0013.wav,spoon,s08_pc_ambient,1.5,16000,1,24000,WAV,PCM_16
spoon\s08_pc_ambient\spoon_0014.wav,spoon,s08_pc_ambient,1.5,16000,1,24000,WAV,PCM_16
spoon\s08_pc_ambient\spoon_0015.wav,spoon,s08_pc_ambient,1.5,16000,1,24000,WAV,PCM_16
spoon\s08_pc_ambient\spoon_0016.wav,spoon,s08_pc_ambient,1.5,16000,1,24000,WAV,PCM_16
spoon\s08_pc_ambient\spoon_0017.wav,spoon,s08_pc_ambient,1.5,16000,1,24000,WAV,PCM_16
spoon\s08_pc_ambient\spoon_0018.wav,spoon,s08_pc_ambient,1.5,16000,1,24000,WAV,PCM_16
spoon\s08_pc_ambient\spoon_0019.wav,spoon,s08_pc_ambient,1.5,16000,1,24000,WAV,PCM_16
spoon\s08_pc_ambient\spoon_0020.wav,spoon,s08_pc_ambient,1.5,16000,1,24000,WAV,PCM_16
whistle\s01_pc_near\whistle_0001.wav,whistle,s01_pc_near,1.5,16000,1,24000,WAV,PCM_16
whistle\s01_pc_near\whistle_0002.wav,whistle,s01_pc_near,1.5,16000,1,24000,WAV,PCM_16
whistle\s01_pc_near\whistle_0003.wav,whistle,s01_pc_near,1.5,16000,1,24000,WAV,PCM_16
whistle\s01_pc_near\whistle_0004.wav,whistle,s01_pc_near,1.5,16000,1,24000,WAV,PCM_16
whistle\s01_pc_near\whistle_0005.wav,whistle,s01_pc_near,1.5,16000,1,24000,WAV,PCM_16
whistle\s01_pc_near\whistle_0006.wav,whistle,s01_pc_near,1.5,16000,1,24000,WAV,PCM_16
whistle\s01_pc_near\whistle_0007.wav,whistle,s01_pc_near,1.5,16000,1,24000,WAV,PCM_16
whistle\s01_pc_near\whistle_0008.wav,whistle,s01_pc_near,1.5,16000,1,24000,WAV,PCM_16
whistle\s01_pc_near\whistle_0009.wav,whistle,s01_pc_near,1.5,16000,1,24000,WAV,PCM_16
whistle\s01_pc_near\whistle_0010.wav,whistle,s01_pc_near,1.5,16000,1,24000,WAV,PCM_16
whistle\s01_pc_near\whistle_0011.wav,whistle,s01_pc_near,1.5,16000,1,24000,WAV,PCM_16
whistle\s01_pc_near\whistle_0012.wav,whistle,s01_pc_near,1.5,16000,1,24000,WAV,PCM_16
whistle\s01_pc_near\whistle_0013.wav,whistle,s01_pc_near,1.5,16000,1,24000,WAV,PCM_16
whistle\s01_pc_near\whistle_0014.wav,whistle,s01_pc_near,1.5,16000,1,24000,WAV,PCM_16
whistle\s01_pc_near\whistle_0015.wav,whistle,s01_pc_near,1.5,16000,1,24000,WAV,PCM_16
whistle\s01_pc_near\whistle_0016.wav,whistle,s01_pc_near,1.5,16000,1,24000,WAV,PCM_16
whistle\s01_pc_near\whistle_0017.wav,whistle,s01_pc_near,1.5,16000,1,24000,WAV,PCM_16
whistle\s01_pc_near\whistle_0018.wav,whistle,s01_pc_near,1.5,16000,1,24000,WAV,PCM_16
whistle\s01_pc_near\whistle_0019.wav,whistle,s01_pc_near,1.5,16000,1,24000,WAV,PCM_16
whistle\s01_pc_near\whistle_0020.wav,whistle,s01_pc_near,1.5,16000,1,24000,WAV,PCM_16
whistle\s02_phone_near\s2_phone_near_0067.wav,whistle,s02_phone_near,0.9226666666666666,48000,1,44288,WAV,PCM_16
whistle\s02_phone_near\s2_phone_near_0068.wav,whistle,s02_phone_near,1.1573333333333333,48000,1,55552,WAV,PCM_16
whistle\s02_phone_near\s2_phone_near_0069.wav,whistle,s02_phone_near,0.4533333333333333,48000,1,21760,WAV,PCM_16
whistle\s02_phone_near\s2_phone_near_0070.wav,whistle,s02_phone_near,1.1786666666666668,48000,1,56576,WAV,PCM_16
whistle\s02_phone_near\s2_phone_near_0071.wav,whistle,s02_phone_near,1.1466666666666667,48000,1,55040,WAV,PCM_16
whistle\s02_phone_near\s2_phone_near_0072.wav,whistle,s02_phone_near,1.0613333333333332,48000,1,50944,WAV,PCM_16
whistle\s02_phone_near\s2_phone_near_0073.wav,whistle,s02_phone_near,1.2106666666666666,48000,1,58112,WAV,PCM_16
whistle\s02_phone_near\s2_phone_near_0074.wav,whistle,s02_phone_near,1.168,48000,1,56064,WAV,PCM_16
whistle\s02_phone_near\s2_phone_near_0075.wav,whistle,s02_phone_near,1.0613333333333332,48000,1,50944,WAV,PCM_16
whistle\s02_phone_near\s2_phone_near_0076.wav,whistle,s02_phone_near,1.0506666666666666,48000,1,50432,WAV,PCM_16
whistle\s02_phone_near\s2_phone_near_0077.wav,whistle,s02_phone_near,1.7653333333333334,48000,1,84736,WAV,PCM_16
whistle\s02_phone_near\s2_phone_near_0078.wav,whistle,s02_phone_near,1.616,48000,1,77568,WAV,PCM_16
whistle\s02_phone_near\s2_phone_near_0079.wav,whistle,s02_phone_near,0.624,48000,1,29952,WAV,PCM_16
whistle\s02_phone_near\s2_phone_near_0080.wav,whistle,s02_phone_near,0.6453333333333333,48000,1,30976,WAV,PCM_16
whistle\s02_phone_near\s2_phone_near_0081.wav,whistle,s02_phone_near,0.816,48000,1,39168,WAV,PCM_16
whistle\s02_phone_near\s2_phone_near_0082.wav,whistle,s02_phone_near,0.7626666666666667,48000,1,36608,WAV,PCM_16
whistle\s02_phone_near\s2_phone_near_0083.wav,whistle,s02_phone_near,0.8586666666666667,48000,1,41216,WAV,PCM_16
whistle\s02_phone_near\s2_phone_near_0084.wav,whistle,s02_phone_near,0.688,48000,1,33024,WAV,PCM_16
whistle\s02_phone_near\s2_phone_near_0085.wav,whistle,s02_phone_near,0.656,48000,1,31488,WAV,PCM_16
whistle\s02_phone_near\s2_phone_near_0086.wav,whistle,s02_phone_near,1.2,48000,1,57600,WAV,PCM_16
whistle\s02_phone_near\s2_phone_near_0087.wav,whistle,s02_phone_near,1.2,48000,1,57600,WAV,PCM_16
whistle\s02_phone_near\s2_phone_near_0088.wav,whistle,s02_phone_near,1.2213333333333334,48000,1,58624,WAV,PCM_16
whistle\s03_pc_far\whistle_0001.wav,whistle,s03_pc_far,1.5,16000,1,24000,WAV,PCM_16
whistle\s03_pc_far\whistle_0002.wav,whistle,s03_pc_far,1.5,16000,1,24000,WAV,PCM_16
whistle\s03_pc_far\whistle_0003.wav,whistle,s03_pc_far,1.5,16000,1,24000,WAV,PCM_16
whistle\s03_pc_far\whistle_0004.wav,whistle,s03_pc_far,1.5,16000,1,24000,WAV,PCM_16
whistle\s03_pc_far\whistle_0005.wav,whistle,s03_pc_far,1.5,16000,1,24000,WAV,PCM_16
whistle\s03_pc_far\whistle_0006.wav,whistle,s03_pc_far,1.5,16000,1,24000,WAV,PCM_16
whistle\s03_pc_far\whistle_0007.wav,whistle,s03_pc_far,1.5,16000,1,24000,WAV,PCM_16
whistle\s03_pc_far\whistle_0008.wav,whistle,s03_pc_far,1.5,16000,1,24000,WAV,PCM_16
whistle\s03_pc_far\whistle_0009.wav,whistle,s03_pc_far,1.5,16000,1,24000,WAV,PCM_16
whistle\s03_pc_far\whistle_0010.wav,whistle,s03_pc_far,1.5,16000,1,24000,WAV,PCM_16
whistle\s03_pc_far\whistle_0011.wav,whistle,s03_pc_far,1.5,16000,1,24000,WAV,PCM_16
whistle\s03_pc_far\whistle_0012.wav,whistle,s03_pc_far,1.5,16000,1,24000,WAV,PCM_16
whistle\s03_pc_far\whistle_0013.wav,whistle,s03_pc_far,1.5,16000,1,24000,WAV,PCM_16
whistle\s03_pc_far\whistle_0014.wav,whistle,s03_pc_far,1.5,16000,1,24000,WAV,PCM_16
whistle\s03_pc_far\whistle_0015.wav,whistle,s03_pc_far,1.5,16000,1,24000,WAV,PCM_16
whistle\s03_pc_far\whistle_0016.wav,whistle,s03_pc_far,1.5,16000,1,24000,WAV,PCM_16
whistle\s03_pc_far\whistle_0017.wav,whistle,s03_pc_far,1.5,16000,1,24000,WAV,PCM_16
whistle\s03_pc_far\whistle_0018.wav,whistle,s03_pc_far,1.5,16000,1,24000,WAV,PCM_16
whistle\s03_pc_far\whistle_0019.wav,whistle,s03_pc_far,1.5,16000,1,24000,WAV,PCM_16
whistle\s03_pc_far\whistle_0020.wav,whistle,s03_pc_far,1.5,16000,1,24000,WAV,PCM_16
whistle\s04_phone_far\s4_phone_far_0075.wav,whistle,s04_phone_far,0.9973333333333333,48000,1,47872,WAV,PCM_16
whistle\s04_phone_far\s4_phone_far_0076.wav,whistle,s04_phone_far,0.7626666666666667,48000,1,36608,WAV,PCM_16
whistle\s04_phone_far\s4_phone_far_0077.wav,whistle,s04_phone_far,0.5493333333333333,48000,1,26368,WAV,PCM_16
whistle\s04_phone_far\s4_phone_far_0078.wav,whistle,s04_phone_far,0.9546666666666667,48000,1,45824,WAV,PCM_16
whistle\s04_phone_far\s4_phone_far_0079.wav,whistle,s04_phone_far,1.2,48000,1,57600,WAV,PCM_16
whistle\s04_phone_far\s4_phone_far_0080.wav,whistle,s04_phone_far,0.7733333333333333,48000,1,37120,WAV,PCM_16
whistle\s04_phone_far\s4_phone_far_0081.wav,whistle,s04_phone_far,0.5386666666666666,48000,1,25856,WAV,PCM_16
whistle\s04_phone_far\s4_phone_far_0084.wav,whistle,s04_phone_far,1.1573333333333333,48000,1,55552,WAV,PCM_16
whistle\s04_phone_far\s4_phone_far_0085.wav,whistle,s04_phone_far,1.1466666666666667,48000,1,55040,WAV,PCM_16
whistle\s04_phone_far\s4_phone_far_0086.wav,whistle,s04_phone_far,1.008,48000,1,48384,WAV,PCM_16
whistle\s04_phone_far\s4_phone_far_0088.wav,whistle,s04_phone_far,0.6666666666666666,48000,1,32000,WAV,PCM_16
whistle\s04_phone_far\s4_phone_far_0089.wav,whistle,s04_phone_far,0.7413333333333333,48000,1,35584,WAV,PCM_16
whistle\s04_phone_far\s4_phone_far_0090.wav,whistle,s04_phone_far,1.2213333333333334,48000,1,58624,WAV,PCM_16
whistle\s04_phone_far\s4_phone_far_0091.wav,whistle,s04_phone_far,0.656,48000,1,31488,WAV,PCM_16
whistle\s04_phone_far\s4_phone_far_0092.wav,whistle,s04_phone_far,0.944,48000,1,45312,WAV,PCM_16
whistle\s04_phone_far\s4_phone_far_0093.wav,whistle,s04_phone_far,0.7306666666666667,48000,1,35072,WAV,PCM_16
whistle\s04_phone_far\s4_phone_far_0094.wav,whistle,s04_phone_far,0.9653333333333334,48000,1,46336,WAV,PCM_16
whistle\s04_phone_far\s4_phone_far_0095.wav,whistle,s04_phone_far,0.688,48000,1,33024,WAV,PCM_16
whistle\s04_phone_far\s4_phone_far_0096.wav,whistle,s04_phone_far,0.6453333333333333,48000,1,30976,WAV,PCM_16
whistle\s04_phone_far\s4_phone_far_0097.wav,whistle,s04_phone_far,0.688,48000,1,33024,WAV,PCM_16
whistle\s05_phone_r2_near\s5_phone_r2_near_0079.wav,whistle,s05_phone_r2_near,0.7626666666666667,48000,1,36608,WAV,PCM_16
whistle\s05_phone_r2_near\s5_phone_r2_near_0080.wav,whistle,s05_phone_r2_near,0.8266666666666667,48000,1,39680,WAV,PCM_16
whistle\s05_phone_r2_near\s5_phone_r2_near_0081.wav,whistle,s05_phone_r2_near,0.8906666666666667,48000,1,42752,WAV,PCM_16
whistle\s05_phone_r2_near\s5_phone_r2_near_0082.wav,whistle,s05_phone_r2_near,0.7306666666666667,48000,1,35072,WAV,PCM_16
whistle\s05_phone_r2_near\s5_phone_r2_near_0083.wav,whistle,s05_phone_r2_near,0.9333333333333333,48000,1,44800,WAV,PCM_16
whistle\s05_phone_r2_near\s5_phone_r2_near_0084.wav,whistle,s05_phone_r2_near,0.432,48000,1,20736,WAV,PCM_16
whistle\s05_phone_r2_near\s5_phone_r2_near_0085.wav,whistle,s05_phone_r2_near,0.7306666666666667,48000,1,35072,WAV,PCM_16
whistle\s05_phone_r2_near\s5_phone_r2_near_0086.wav,whistle,s05_phone_r2_near,0.6666666666666666,48000,1,32000,WAV,PCM_16
whistle\s05_phone_r2_near\s5_phone_r2_near_0088.wav,whistle,s05_phone_r2_near,0.8906666666666667,48000,1,42752,WAV,PCM_16
whistle\s05_phone_r2_near\s5_phone_r2_near_0089.wav,whistle,s05_phone_r2_near,0.8266666666666667,48000,1,39680,WAV,PCM_16
whistle\s05_phone_r2_near\s5_phone_r2_near_0090.wav,whistle,s05_phone_r2_near,0.944,48000,1,45312,WAV,PCM_16
whistle\s05_phone_r2_near\s5_phone_r2_near_0091.wav,whistle,s05_phone_r2_near,0.9653333333333334,48000,1,46336,WAV,PCM_16
whistle\s05_phone_r2_near\s5_phone_r2_near_0092.wav,whistle,s05_phone_r2_near,0.752,48000,1,36096,WAV,PCM_16
whistle\s05_phone_r2_near\s5_phone_r2_near_0093.wav,whistle,s05_phone_r2_near,0.912,48000,1,43776,WAV,PCM_16
whistle\s05_phone_r2_near\s5_phone_r2_near_0094.wav,whistle,s05_phone_r2_near,0.7306666666666667,48000,1,35072,WAV,PCM_16
whistle\s05_phone_r2_near\s5_phone_r2_near_0095.wav,whistle,s05_phone_r2_near,1.52,48000,1,72960,WAV,PCM_16
whistle\s05_phone_r2_near\s5_phone_r2_near_0096.wav,whistle,s05_phone_r2_near,0.88,48000,1,42240,WAV,PCM_16
whistle\s05_phone_r2_near\s5_phone_r2_near_0097.wav,whistle,s05_phone_r2_near,0.912,48000,1,43776,WAV,PCM_16
whistle\s05_phone_r2_near\s5_phone_r2_near_0098.wav,whistle,s05_phone_r2_near,1.0826666666666667,48000,1,51968,WAV,PCM_16
whistle\s05_phone_r2_near\s5_phone_r2_near_0099.wav,whistle,s05_phone_r2_near,1.0186666666666666,48000,1,48896,WAV,PCM_16
whistle\s05_phone_r2_near\s5_phone_r2_near_0100.wav,whistle,s05_phone_r2_near,0.9866666666666667,48000,1,47360,WAV,PCM_16
whistle\s05_phone_r2_near\s5_phone_r2_near_0101.wav,whistle,s05_phone_r2_near,0.912,48000,1,43776,WAV,PCM_16
whistle\s05_phone_r2_near\s5_phone_r2_near_0102.wav,whistle,s05_phone_r2_near,0.6986666666666667,48000,1,33536,WAV,PCM_16
whistle\s05_phone_r2_near\s5_phone_r2_near_0103.wav,whistle,s05_phone_r2_near,0.784,48000,1,37632,WAV,PCM_16
whistle\s05_phone_r2_near\s5_phone_r2_near_0104.wav,whistle,s05_phone_r2_near,0.848,48000,1,40704,WAV,PCM_16
whistle\s06_pc_other_room\whistle_0001.wav,whistle,s06_pc_other_room,1.5,16000,1,24000,WAV,PCM_16
whistle\s06_pc_other_room\whistle_0002.wav,whistle,s06_pc_other_room,1.5,16000,1,24000,WAV,PCM_16
whistle\s06_pc_other_room\whistle_0003.wav,whistle,s06_pc_other_room,1.5,16000,1,24000,WAV,PCM_16
whistle\s06_pc_other_room\whistle_0004.wav,whistle,s06_pc_other_room,1.5,16000,1,24000,WAV,PCM_16
whistle\s06_pc_other_room\whistle_0005.wav,whistle,s06_pc_other_room,1.5,16000,1,24000,WAV,PCM_16
whistle\s06_pc_other_room\whistle_0006.wav,whistle,s06_pc_other_room,1.5,16000,1,24000,WAV,PCM_16
whistle\s06_pc_other_room\whistle_0007.wav,whistle,s06_pc_other_room,1.5,16000,1,24000,WAV,PCM_16
whistle\s06_pc_other_room\whistle_0008.wav,whistle,s06_pc_other_room,1.5,16000,1,24000,WAV,PCM_16
whistle\s06_pc_other_room\whistle_0009.wav,whistle,s06_pc_other_room,1.5,16000,1,24000,WAV,PCM_16
whistle\s06_pc_other_room\whistle_0010.wav,whistle,s06_pc_other_room,1.5,16000,1,24000,WAV,PCM_16
whistle\s06_pc_other_room\whistle_0011.wav,whistle,s06_pc_other_room,1.5,16000,1,24000,WAV,PCM_16
whistle\s06_pc_other_room\whistle_0012.wav,whistle,s06_pc_other_room,1.5,16000,1,24000,WAV,PCM_16
whistle\s06_pc_other_room\whistle_0013.wav,whistle,s06_pc_other_room,1.5,16000,1,24000,WAV,PCM_16
whistle\s06_pc_other_room\whistle_0014.wav,whistle,s06_pc_other_room,1.5,16000,1,24000,WAV,PCM_16
whistle\s06_pc_other_room\whistle_0015.wav,whistle,s06_pc_other_room,1.5,16000,1,24000,WAV,PCM_16
whistle\s06_pc_other_room\whistle_0016.wav,whistle,s06_pc_other_room,1.5,16000,1,24000,WAV,PCM_16
whistle\s06_pc_other_room\whistle_0017.wav,whistle,s06_pc_other_room,1.5,16000,1,24000,WAV,PCM_16
whistle\s06_pc_other_room\whistle_0018.wav,whistle,s06_pc_other_room,1.5,16000,1,24000,WAV,PCM_16
whistle\s06_pc_other_room\whistle_0019.wav,whistle,s06_pc_other_room,1.5,16000,1,24000,WAV,PCM_16
whistle\s06_pc_other_room\whistle_0020.wav,whistle,s06_pc_other_room,1.5,16000,1,24000,WAV,PCM_16
whistle\s07_phone_ambient\s7_phone_ambient_0074.wav,whistle,s07_phone_ambient,1.296,48000,1,62208,WAV,PCM_16
whistle\s07_phone_ambient\s7_phone_ambient_0075.wav,whistle,s07_phone_ambient,0.5306666666666666,48000,1,25472,WAV,PCM_16
whistle\s07_phone_ambient\s7_phone_ambient_0076.wav,whistle,s07_phone_ambient,1.1813333333333333,48000,1,56704,WAV,PCM_16
whistle\s07_phone_ambient\s7_phone_ambient_0077.wav,whistle,s07_phone_ambient,1.8186666666666667,48000,1,87296,WAV,PCM_16
whistle\s07_phone_ambient\s7_phone_ambient_0079.wav,whistle,s07_phone_ambient,1.4693333333333334,48000,1,70528,WAV,PCM_16
whistle\s07_phone_ambient\s7_phone_ambient_0080.wav,whistle,s07_phone_ambient,1.776,48000,1,85248,WAV,PCM_16
whistle\s07_phone_ambient\s7_phone_ambient_0081.wav,whistle,s07_phone_ambient,1.5306666666666666,48000,1,73472,WAV,PCM_16
whistle\s07_phone_ambient\s7_phone_ambient_0082.wav,whistle,s07_phone_ambient,1.5733333333333333,48000,1,75520,WAV,PCM_16
whistle\s07_phone_ambient\s7_phone_ambient_0083.wav,whistle,s07_phone_ambient,1.6266666666666667,48000,1,78080,WAV,PCM_16
whistle\s07_phone_ambient\s7_phone_ambient_0084.wav,whistle,s07_phone_ambient,0.424,48000,1,20352,WAV,PCM_16
whistle\s07_phone_ambient\s7_phone_ambient_0087.wav,whistle,s07_phone_ambient,1.4986666666666666,48000,1,71936,WAV,PCM_16
whistle\s07_phone_ambient\s7_phone_ambient_0088.wav,whistle,s07_phone_ambient,1.3813333333333333,48000,1,66304,WAV,PCM_16
whistle\s07_phone_ambient\s7_phone_ambient_0089.wav,whistle,s07_phone_ambient,1.2853333333333334,48000,1,61696,WAV,PCM_16
whistle\s07_phone_ambient\s7_phone_ambient_0090.wav,whistle,s07_phone_ambient,1.3706666666666667,48000,1,65792,WAV,PCM_16
whistle\s07_phone_ambient\s7_phone_ambient_0091.wav,whistle,s07_phone_ambient,1.3706666666666667,48000,1,65792,WAV,PCM_16
whistle\s07_phone_ambient\s7_phone_ambient_0092.wav,whistle,s07_phone_ambient,1.3173333333333332,48000,1,63232,WAV,PCM_16
whistle\s07_phone_ambient\s7_phone_ambient_0093.wav,whistle,s07_phone_ambient,1.0613333333333332,48000,1,50944,WAV,PCM_16
whistle\s07_phone_ambient\s7_phone_ambient_0094.wav,whistle,s07_phone_ambient,0.816,48000,1,39168,WAV,PCM_16
whistle\s07_phone_ambient\s7_phone_ambient_0095.wav,whistle,s07_phone_ambient,0.7093333333333334,48000,1,34048,WAV,PCM_16
whistle\s07_phone_ambient\s7_phone_ambient_0096.wav,whistle,s07_phone_ambient,1.04,48000,1,49920,WAV,PCM_16
whistle\s07_phone_ambient\s7_phone_ambient_0097.wav,whistle,s07_phone_ambient,1.328,48000,1,63744,WAV,PCM_16
whistle\s07_phone_ambient\s7_phone_ambient_0098.wav,whistle,s07_phone_ambient,1.296,48000,1,62208,WAV,PCM_16
whistle\s07_phone_ambient\s7_phone_ambient_0099.wav,whistle,s07_phone_ambient,1.2746666666666666,48000,1,61184,WAV,PCM_16
whistle\s07_phone_ambient\s7_phone_ambient_0101.wav,whistle,s07_phone_ambient,0.6986666666666667,48000,1,33536,WAV,PCM_16
whistle\s07_phone_ambient\s7_phone_ambient_0102.wav,whistle,s07_phone_ambient,1.3813333333333333,48000,1,66304,WAV,PCM_16
whistle\s07_phone_ambient\s7_phone_ambient_0103.wav,whistle,s07_phone_ambient,0.6133333333333333,48000,1,29440,WAV,PCM_16
whistle\s07_phone_ambient\s7_phone_ambient_0104.wav,whistle,s07_phone_ambient,0.9013333333333333,48000,1,43264,WAV,PCM_16
whistle\s07_phone_ambient\s7_phone_ambient_0105.wav,whistle,s07_phone_ambient,0.6666666666666666,48000,1,32000,WAV,PCM_16
whistle\s07_phone_ambient\s7_phone_ambient_0106.wav,whistle,s07_phone_ambient,1.0613333333333332,48000,1,50944,WAV,PCM_16
whistle\s08_pc_ambient\whistle_0001.wav,whistle,s08_pc_ambient,1.5,16000,1,24000,WAV,PCM_16
whistle\s08_pc_ambient\whistle_0002.wav,whistle,s08_pc_ambient,1.5,16000,1,24000,WAV,PCM_16
whistle\s08_pc_ambient\whistle_0003.wav,whistle,s08_pc_ambient,1.5,16000,1,24000,WAV,PCM_16
whistle\s08_pc_ambient\whistle_0004.wav,whistle,s08_pc_ambient,1.5,16000,1,24000,WAV,PCM_16
whistle\s08_pc_ambient\whistle_0005.wav,whistle,s08_pc_ambient,1.5,16000,1,24000,WAV,PCM_16
whistle\s08_pc_ambient\whistle_0006.wav,whistle,s08_pc_ambient,1.5,16000,1,24000,WAV,PCM_16
whistle\s08_pc_ambient\whistle_0007.wav,whistle,s08_pc_ambient,1.5,16000,1,24000,WAV,PCM_16
whistle\s08_pc_ambient\whistle_0008.wav,whistle,s08_pc_ambient,1.5,16000,1,24000,WAV,PCM_16
whistle\s08_pc_ambient\whistle_0009.wav,whistle,s08_pc_ambient,1.5,16000,1,24000,WAV,PCM_16
whistle\s08_pc_ambient\whistle_0010.wav,whistle,s08_pc_ambient,1.5,16000,1,24000,WAV,PCM_16
whistle\s08_pc_ambient\whistle_0011.wav,whistle,s08_pc_ambient,1.5,16000,1,24000,WAV,PCM_16
whistle\s08_pc_ambient\whistle_0012.wav,whistle,s08_pc_ambient,1.5,16000,1,24000,WAV,PCM_16
whistle\s08_pc_ambient\whistle_0013.wav,whistle,s08_pc_ambient,1.5,16000,1,24000,WAV,PCM_16
whistle\s08_pc_ambient\whistle_0014.wav,whistle,s08_pc_ambient,1.5,16000,1,24000,WAV,PCM_16
whistle\s08_pc_ambient\whistle_0015.wav,whistle,s08_pc_ambient,1.5,16000,1,24000,WAV,PCM_16
whistle\s08_pc_ambient\whistle_0016.wav,whistle,s08_pc_ambient,1.5,16000,1,24000,WAV,PCM_16
whistle\s08_pc_ambient\whistle_0017.wav,whistle,s08_pc_ambient,1.5,16000,1,24000,WAV,PCM_16
whistle\s08_pc_ambient\whistle_0018.wav,whistle,s08_pc_ambient,1.5,16000,1,24000,WAV,PCM_16
whistle\s08_pc_ambient\whistle_0019.wav,whistle,s08_pc_ambient,1.5,16000,1,24000,WAV,PCM_16
whistle\s08_pc_ambient\whistle_0020.wav,whistle,s08_pc_ambient,1.5,16000,1,24000,WAV,PCM_16
