model,fraction,num_train_samples,val_macro_f1_mean,val_macro_f1_std,val_accuracy_mean,val_accuracy_std
CNN,0.05,34,0.325773,0.108405,0.420000,0.112694
CNN,0.10,65,0.572304,0.134980,0.636667,0.118462
CNN,0.20,130,0.836380,0.047876,0.843333,0.041633
CNN,0.40,261,0.930355,0.018160,0.930000,0.017321
CNN,0.60,392,0.956820,0.011401,0.956667,0.011547
CNN,0.80,523,0.976823,0.015014,0.976667,0.015275
CNN,1.00,653,0.986608,0.015367,0.986667,0.015275
CRNN,0.05,34,0.639975,0.207542,0.680000,0.173494
CRNN,0.10,65,0.938124,0.073000,0.943333,0.064291
CRNN,0.20,130,0.986736,0.005643,0.986667,0.005774
CRNN,0.40,261,0.989994,0.000000,0.990000,0.000000
CRNN,0.60,392,0.993329,0.005777,0.993333,0.005774
CRNN,0.80,523,0.993329,0.005777,0.993333,0.005774
CRNN,1.00,653,0.996665,0.005777,0.996667,0.005774
