family,stage,train_fraction,variant,parameters,val_macro_f1_mean,val_macro_f1_std,cpu_latency_b1_ms,gpu_latency_b1_ms
CRNN,screening,0.20,Baseline,164213,0.98999,0.00000,6.85330,1.41770
CRNN,screening,0.20,Medium,75481,0.98999,0.00000,5.72650,1.38930
CRNN,screening,0.20,Small,41533,0.99333,0.00578,4.70345,1.38163
CRNN,screening,0.20,Small-7,31904,0.99007,0.00989,4.56760,1.38488
CRNN,screening,0.20,Small-6,23543,0.98666,0.00577,4.31990,1.34806
CRNN,screening,0.20,Small-5,16450,0.99333,0.00578,4.10570,1.37114
CRNN,screening,0.20,Tiny,10625,0.99333,0.00578,3.86525,1.34234
CRNN,screening,0.20,Micro,6068,0.99000,0.01000,3.71865,1.37461
CRNN,screening,0.20,Nano,2779,0.75982,0.38149,3.56250,1.32110
CRNN,confirmation,1.00,Baseline,164213,0.99666,0.00578,6.85330,1.41770
CRNN,confirmation,1.00,Micro,6068,0.99666,0.00578,3.71865,1.37461
CRNN,confirmation,1.00,Nano,2779,0.98674,0.01149,3.56250,1.32110
CNN,confirmation,1.00,Baseline,23733,0.99333,0.00578,3.18790,0.91267
CNN,confirmation,1.00,Width-12,13481,0.99333,0.00578,2.41585,0.88477
CNN,confirmation,1.00,Width-10,9435,0.98999,0.00000,2.14080,0.89901
CNN,confirmation,1.00,Width-8,6109,0.99333,0.00578,1.57355,0.89357
CNN,confirmation,1.00,Width-6,3503,0.97307,0.03099,1.24280,0.88091
