model,class,precision_mean,precision_std,recall_mean,recall_std,f1_mean,f1_std,support
CNN Width-8,clap,0.9444444444444445,0.09622504486493759,0.9500000000000001,0.08660254037844388,0.9426699426699426,0.04989187358073061,20.0
CNN Width-8,knock,0.9523809523809524,0.08247860988423228,0.8771929824561403,0.12154742509255279,0.9071526071526073,0.06255152377402447,19.0
CNN Width-8,sing,0.9455555555555556,0.022131760318935653,1.0,0.0,0.9719267139479905,0.011772212935604024,23.0
CNN Width-8,spoon,1.0,0.0,1.0,0.0,1.0,0.0,23.0
CNN Width-8,whistle,0.9727777777777779,0.023589859717291224,0.96,0.039999999999999994,0.9662585034013605,0.031088360946039884,25.0
CRNN Micro,clap,0.9841269841269842,0.027492869961410763,1.0,0.0,0.991869918699187,0.014081713882673796,20.0
CRNN Micro,knock,1.0,0.0,0.9649122807017543,0.03038685627313818,0.981981981981982,0.015604061329449321,19.0
CRNN Micro,sing,0.9861111111111112,0.024056261216234394,1.0,0.0,0.9929078014184397,0.012284048280630337,23.0
CRNN Micro,spoon,1.0,0.0,1.0,0.0,1.0,0.0,23.0
CRNN Micro,whistle,1.0,0.0,1.0,0.0,1.0,0.0,25.0
