model,seed,file,session,true_class,y_true,y_pred,predicted_class,confidence,prob_clap,prob_knock,prob_sing,prob_spoon,prob_whistle,correct
CNN Width-8,42,clap\s05_phone_r2_near\s5_phone_r2_near_0003.wav,s05_phone_r2_near,clap,0,0,clap,0.597241997718811,0.597241997718811,0.3482305407524109,0.01099531352519989,0.031535036861896515,0.01199706643819809,True
CNN Width-8,42,clap\s05_phone_r2_near\s5_phone_r2_near_0004.wav,s05_phone_r2_near,clap,0,0,clap,0.5883865356445312,0.5883865356445312,0.37779349088668823,0.010019263252615929,0.018314583227038383,0.005486131180077791,True
CNN Width-8,42,clap\s05_phone_r2_near\s5_phone_r2_near_0005.wav,s05_phone_r2_near,clap,0,0,clap,0.6282976269721985,0.6282976269721985,0.3070583939552307,0.009321432560682297,0.04903162270784378,0.006290916819125414,True
CNN Width-8,42,clap\s05_phone_r2_near\s5_phone_r2_near_0006.wav,s05_phone_r2_near,clap,0,0,clap,0.5420247316360474,0.5420247316360474,0.4133446514606476,0.01489204354584217,0.024488894268870354,0.005249632056802511,True
CNN Width-8,42,clap\s05_phone_r2_near\s5_phone_r2_near_0007.wav,s05_phone_r2_near,clap,0,0,clap,0.6278743147850037,0.6278743147850037,0.33011505007743835,0.009250571019947529,0.029337093234062195,0.003422945039346814,True
CNN Width-8,42,clap\s05_phone_r2_near\s5_phone_r2_near_0008.wav,s05_phone_r2_near,clap,0,0,clap,0.5359135866165161,0.5359135866165161,0.42445987462997437,0.014609385281801224,0.019476598128676414,0.005540627986192703,True
CNN Width-8,42,clap\s05_phone_r2_near\s5_phone_r2_near_0009.wav,s05_phone_r2_near,clap,0,0,clap,0.6406850814819336,0.6406850814819336,0.31236040592193604,0.008335788734257221,0.03541433811187744,0.0032044535037130117,True
CNN Width-8,42,clap\s05_phone_r2_near\s5_phone_r2_near_0010.wav,s05_phone_r2_near,clap,0,0,clap,0.6654346585273743,0.6654346585273743,0.30615073442459106,0.006153327878564596,0.019262712448835373,0.0029986281879246235,True
CNN Width-8,42,clap\s05_phone_r2_near\s5_phone_r2_near_0011.wav,s05_phone_r2_near,clap,0,0,clap,0.6744940876960754,0.6744940876960754,0.2827746272087097,0.006770034786313772,0.030642997473478317,0.005318267736583948,True
CNN Width-8,42,clap\s05_phone_r2_near\s5_phone_r2_near_0012.wav,s05_phone_r2_near,clap,0,0,clap,0.6152028441429138,0.6152028441429138,0.32379162311553955,0.011018140241503716,0.041157495230436325,0.008829904720187187,True
CNN Width-8,42,clap\s05_phone_r2_near\s5_phone_r2_near_0013.wav,s05_phone_r2_near,clap,0,0,clap,0.5731544494628906,0.5731544494628906,0.3047373592853546,0.015157649293541908,0.09209121763706207,0.014859307557344437,True
CNN Width-8,42,clap\s05_phone_r2_near\s5_phone_r2_near_0014.wav,s05_phone_r2_near,clap,0,0,clap,0.4781339764595032,0.4781339764595032,0.39457210898399353,0.02879386581480503,0.07329211384057999,0.025208014994859695,True
CNN Width-8,42,clap\s05_phone_r2_near\s5_phone_r2_near_0015.wav,s05_phone_r2_near,clap,0,0,clap,0.6448217034339905,0.6448217034339905,0.2822507619857788,0.009278620593249798,0.05705073103308678,0.006598182953894138,True
CNN Width-8,42,clap\s05_phone_r2_near\s5_phone_r2_near_0016.wav,s05_phone_r2_near,clap,0,0,clap,0.505012571811676,0.505012571811676,0.4392220973968506,0.016248203814029694,0.027587806805968285,0.011929355561733246,True
CNN Width-8,42,clap\s05_phone_r2_near\s5_phone_r2_near_0017.wav,s05_phone_r2_near,clap,0,0,clap,0.5806111097335815,0.5806111097335815,0.3490171730518341,0.013807235285639763,0.04895448312163353,0.007610025815665722,True
CNN Width-8,42,clap\s05_phone_r2_near\s5_phone_r2_near_0018.wav,s05_phone_r2_near,clap,0,0,clap,0.5183355808258057,0.5183355808258057,0.4293193221092224,0.018878256902098656,0.026099292561411858,0.007367511745542288,True
CNN Width-8,42,clap\s05_phone_r2_near\s5_phone_r2_near_0019.wav,s05_phone_r2_near,clap,0,0,clap,0.6299508213996887,0.6299508213996887,0.3351854085922241,0.009326763451099396,0.021886374801397324,0.003650655737146735,True
CNN Width-8,42,clap\s05_phone_r2_near\s5_phone_r2_near_0020.wav,s05_phone_r2_near,clap,0,0,clap,0.5426961779594421,0.5426961779594421,0.3924921452999115,0.016304004937410355,0.0367041677236557,0.011803492903709412,True
CNN Width-8,42,clap\s05_phone_r2_near\s5_phone_r2_near_0021.wav,s05_phone_r2_near,clap,0,0,clap,0.6048836708068848,0.6048836708068848,0.33659031987190247,0.01050262339413166,0.03855355456471443,0.00946981180459261,True
CNN Width-8,42,clap\s05_phone_r2_near\s5_phone_r2_near_0022.wav,s05_phone_r2_near,clap,0,0,clap,0.5100924372673035,0.5100924372673035,0.3892964720726013,0.028915036469697952,0.058233749121427536,0.013462305068969727,True
CNN Width-8,42,knock\s05_phone_r2_near\s5r2p30cm_0026.wav,s05_phone_r2_near,knock,1,1,knock,0.6406011581420898,0.3057667315006256,0.6406011581420898,0.028112391009926796,0.01616668328642845,0.009353031404316425,True
CNN Width-8,42,knock\s05_phone_r2_near\s5r2p30cm_0027.wav,s05_phone_r2_near,knock,1,1,knock,0.6278799772262573,0.31196290254592896,0.6278799772262573,0.030512942001223564,0.021246567368507385,0.008397536352276802,True
CNN Width-8,42,knock\s05_phone_r2_near\s5r2p30cm_0028.wav,s05_phone_r2_near,knock,1,1,knock,0.6424527168273926,0.2802846431732178,0.6424527168273926,0.039132922887802124,0.023001553490757942,0.01512818317860365,True
CNN Width-8,42,knock\s05_phone_r2_near\s5r2p30cm_0029.wav,s05_phone_r2_near,knock,1,1,knock,0.5821542739868164,0.35253018140792847,0.5821542739868164,0.027005255222320557,0.027173403650522232,0.011136897839605808,True
CNN Width-8,42,knock\s05_phone_r2_near\s5r2p30cm_0030.wav,s05_phone_r2_near,knock,1,1,knock,0.5766144394874573,0.3069117069244385,0.5766144394874573,0.048795465379953384,0.036853764206171036,0.030824601650238037,True
CNN Width-8,42,knock\s05_phone_r2_near\s5r2p30cm_0031.wav,s05_phone_r2_near,knock,1,4,whistle,0.46833062171936035,0.0362694077193737,0.17714159190654755,0.2677505910396576,0.050507802516222,0.46833062171936035,False
CNN Width-8,42,knock\s05_phone_r2_near\s5r2p30cm_0035.wav,s05_phone_r2_near,knock,1,1,knock,0.5654414892196655,0.3598637282848358,0.5654414892196655,0.03443574160337448,0.026424512267112732,0.0138345742598176,True
CNN Width-8,42,knock\s05_phone_r2_near\s5r2p30cm_0036.wav,s05_phone_r2_near,knock,1,1,knock,0.5673170685768127,0.37138402462005615,0.5673170685768127,0.025579025968909264,0.027974803000688553,0.007745103444904089,True
CNN Width-8,42,knock\s05_phone_r2_near\s5r2p30cm_0037.wav,s05_phone_r2_near,knock,1,1,knock,0.6056468486785889,0.2856220006942749,0.6056468486785889,0.05810213088989258,0.03496217727661133,0.015666838735342026,True
CNN Width-8,42,knock\s05_phone_r2_near\s5r2p30cm_0038.wav,s05_phone_r2_near,knock,1,1,knock,0.6222807168960571,0.31455862522125244,0.6222807168960571,0.03395441547036171,0.019466999918222427,0.009739227592945099,True
CNN Width-8,42,knock\s05_phone_r2_near\s5r2p30cm_0039.wav,s05_phone_r2_near,knock,1,1,knock,0.6568940877914429,0.19935767352581024,0.6568940877914429,0.08181878924369812,0.027372950688004494,0.03455643355846405,True
CNN Width-8,42,knock\s05_phone_r2_near\s5r2p30cm_0040.wav,s05_phone_r2_near,knock,1,1,knock,0.5698452591896057,0.38767826557159424,0.5698452591896057,0.020127352327108383,0.012196319177746773,0.010152759030461311,True
CNN Width-8,42,knock\s05_phone_r2_near\s5r2p30cm_0041.wav,s05_phone_r2_near,knock,1,1,knock,0.6047961711883545,0.3179548680782318,0.6047961711883545,0.0377497598528862,0.023821357637643814,0.01567780040204525,True
CNN Width-8,42,knock\s05_phone_r2_near\s5r2p30cm_0042.wav,s05_phone_r2_near,knock,1,1,knock,0.570064127445221,0.3520545959472656,0.570064127445221,0.029589220881462097,0.03610045835375786,0.012191527523100376,True
CNN Width-8,42,knock\s05_phone_r2_near\s5r2p30cm_0043.wav,s05_phone_r2_near,knock,1,1,knock,0.5985344648361206,0.2886998951435089,0.5985344648361206,0.05826114863157272,0.03436010330915451,0.020144416019320488,True
CNN Width-8,42,knock\s05_phone_r2_near\s5r2p30cm_0044.wav,s05_phone_r2_near,knock,1,1,knock,0.6571015119552612,0.20447196066379547,0.6571015119552612,0.09279569238424301,0.027768166735768318,0.017862649634480476,True
CNN Width-8,42,knock\s05_phone_r2_near\s5r2p30cm_0045.wav,s05_phone_r2_near,knock,1,1,knock,0.6239789724349976,0.17663434147834778,0.6239789724349976,0.1235140860080719,0.03835389390587807,0.0375186949968338,True
CNN Width-8,42,knock\s05_phone_r2_near\s5r2p30cm_0046.wav,s05_phone_r2_near,knock,1,1,knock,0.6588086485862732,0.30529844760894775,0.6588086485862732,0.021220248192548752,0.008144729770720005,0.0065279025584459305,True
CNN Width-8,42,knock\s05_phone_r2_near\s5r2p30cm_0047.wav,s05_phone_r2_near,knock,1,1,knock,0.590192437171936,0.37124404311180115,0.590192437171936,0.01825806125998497,0.01141141913831234,0.00889406818896532,True
CNN Width-8,42,sing\s05_phone_r2_near\s5r2p30cm_0002.wav,s05_phone_r2_near,sing,2,2,sing,0.9659178256988525,1.3682481949217618e-05,0.0006830921629443765,0.9659178256988525,0.026280755177140236,0.007104657124727964,True
CNN Width-8,42,sing\s05_phone_r2_near\s5r2p30cm_0003.wav,s05_phone_r2_near,sing,2,2,sing,0.9950253367424011,1.0644452004271443e-06,0.000212491795537062,0.9950253367424011,0.0004461797361727804,0.004314927384257317,True
CNN Width-8,42,sing\s05_phone_r2_near\s5r2p30cm_0004.wav,s05_phone_r2_near,sing,2,2,sing,0.9995964169502258,3.8441365290964313e-07,0.00019678329408634454,0.9995964169502258,3.3944128517759964e-05,0.00017246819334104657,True
CNN Width-8,42,sing\s05_phone_r2_near\s5r2p30cm_0005.wav,s05_phone_r2_near,sing,2,2,sing,0.9979321956634521,4.0613201690575806e-07,0.00015344608982559294,0.9979321956634521,0.00016605456767138094,0.0017478687223047018,True
CNN Width-8,42,sing\s05_phone_r2_near\s5r2p30cm_0006.wav,s05_phone_r2_near,sing,2,2,sing,0.9985211491584778,2.1832468064530985e-06,0.0005470585310831666,0.9985211491584778,0.00012139437603764236,0.0008082465501502156,True
CNN Width-8,42,sing\s05_phone_r2_near\s5r2p30cm_0007.wav,s05_phone_r2_near,sing,2,2,sing,0.9962975382804871,1.0132102943316568e-06,0.00016577370115555823,0.9962975382804871,0.003009603824466467,0.0005260520847514272,True
CNN Width-8,42,sing\s05_phone_r2_near\s5r2p30cm_0008.wav,s05_phone_r2_near,sing,2,2,sing,0.99989914894104,3.23742899155377e-09,7.281010311999125e-06,0.99989914894104,4.772053216584027e-06,8.87798159965314e-05,True
CNN Width-8,42,sing\s05_phone_r2_near\s5r2p30cm_0009.wav,s05_phone_r2_near,sing,2,2,sing,0.9998353719711304,3.12300301175128e-08,3.135858787572943e-05,0.9998353719711304,1.969654294953216e-05,0.00011354419984854758,True
CNN Width-8,42,sing\s05_phone_r2_near\s5r2p30cm_0010.wav,s05_phone_r2_near,sing,2,2,sing,0.9951608777046204,3.4562810924398946e-07,6.675715849269181e-05,0.9951608777046204,0.0037478439044207335,0.0010241145500913262,True
CNN Width-8,42,sing\s05_phone_r2_near\s5r2p30cm_0011.wav,s05_phone_r2_near,sing,2,2,sing,0.8872871398925781,6.6564048211148474e-06,0.0002888732706196606,0.8872871398925781,0.09196925163269043,0.020448002964258194,True
CNN Width-8,42,sing\s05_phone_r2_near\s5r2p30cm_0012.wav,s05_phone_r2_near,sing,2,2,sing,0.9985281229019165,1.5726153606010485e-06,0.000441057636635378,0.9985281229019165,0.0003009409992955625,0.0007281977450475097,True
CNN Width-8,42,sing\s05_phone_r2_near\s5r2p30cm_0013.wav,s05_phone_r2_near,sing,2,2,sing,0.9979826211929321,2.1844534785486758e-06,0.0004954963224008679,0.9979826211929321,0.00016697704268153757,0.0013527527917176485,True
CNN Width-8,42,sing\s05_phone_r2_near\s5r2p30cm_0014.wav,s05_phone_r2_near,sing,2,2,sing,0.9999340772628784,2.1221060464426955e-09,4.712844656751258e-06,0.9999340772628784,2.2903705030330457e-05,3.825227031484246e-05,True
CNN Width-8,42,sing\s05_phone_r2_near\s5r2p30cm_0015.wav,s05_phone_r2_near,sing,2,2,sing,0.9999197721481323,5.591714202779485e-09,8.924356734496541e-06,0.9999197721481323,1.2964038432983216e-05,5.825880725751631e-05,True
CNN Width-8,42,sing\s05_phone_r2_near\s5r2p30cm_0016.wav,s05_phone_r2_near,sing,2,2,sing,0.9999855756759644,9.192944322444774e-11,6.374122563101992e-07,0.9999855756759644,1.9957628865086008e-06,1.1823043678305112e-05,True
CNN Width-8,42,sing\s05_phone_r2_near\s5r2p30cm_0017.wav,s05_phone_r2_near,sing,2,2,sing,0.9998207688331604,2.4024726652527306e-09,3.921435563825071e-06,0.9998207688331604,9.775800208444707e-06,0.00016557154594920576,True
CNN Width-8,42,sing\s05_phone_r2_near\s5r2p30cm_0018.wav,s05_phone_r2_near,sing,2,2,sing,0.9999384880065918,1.0402527728103905e-09,4.302549768908648e-06,0.9999384880065918,1.2052543070240063e-06,5.602094461210072e-05,True
CNN Width-8,42,sing\s05_phone_r2_near\s5r2p30cm_0019.wav,s05_phone_r2_near,sing,2,2,sing,0.9997802376747131,2.142529353932332e-08,2.095235322485678e-05,0.9997802376747131,9.233113087248057e-05,0.00010654566722223535,True
CNN Width-8,42,sing\s05_phone_r2_near\s5r2p30cm_0020.wav,s05_phone_r2_near,sing,2,2,sing,0.9995619654655457,3.7206927316901783e-08,2.948371366073843e-05,0.9995619654655457,1.2871295439254027e-05,0.00039572312380187213,True
CNN Width-8,42,sing\s05_phone_r2_near\s5r2p30cm_0021.wav,s05_phone_r2_near,sing,2,2,sing,0.9997660517692566,3.1956994828163943e-09,4.185961643088376e-06,0.9997660517692566,4.363561311038211e-05,0.00018610164988785982,True
CNN Width-8,42,sing\s05_phone_r2_near\s5r2p30cm_0022.wav,s05_phone_r2_near,sing,2,2,sing,0.9985994696617126,1.4501355849461106e-07,4.53936263511423e-05,0.9985994696617126,0.00044943077955394983,0.000905486464034766,True
CNN Width-8,42,sing\s05_phone_r2_near\s5r2p30cm_0023.wav,s05_phone_r2_near,sing,2,2,sing,0.9991480112075806,1.108308200770125e-08,6.935850251466036e-06,0.9991480112075806,0.0007240551058202982,0.00012106038047932088,True
CNN Width-8,42,sing\s05_phone_r2_near\s5r2p30cm_0024.wav,s05_phone_r2_near,sing,2,2,sing,0.9997839331626892,5.355482457503058e-08,4.504161552176811e-05,0.9997839331626892,1.5559346138616093e-05,0.00015548749070148915,True
CNN Width-8,42,spoon\s05_phone_r2_near\s5r2p30cm_0049.wav,s05_phone_r2_near,spoon,3,3,spoon,0.6831763982772827,0.05137600377202034,0.09383095055818558,0.11692038178443909,0.6831763982772827,0.05469632148742676,True
CNN Width-8,42,spoon\s05_phone_r2_near\s5r2p30cm_0050.wav,s05_phone_r2_near,spoon,3,3,spoon,0.8786184787750244,0.04511694610118866,0.03725047409534454,0.01890547201037407,0.8786184787750244,0.020108625292778015,True
CNN Width-8,42,spoon\s05_phone_r2_near\s5r2p30cm_0051.wav,s05_phone_r2_near,spoon,3,3,spoon,0.9197520017623901,0.02664712257683277,0.024407915771007538,0.017227523028850555,0.9197520017623901,0.011965394951403141,True
CNN Width-8,42,spoon\s05_phone_r2_near\s5r2p30cm_0052.wav,s05_phone_r2_near,spoon,3,3,spoon,0.9254476428031921,0.029420286417007446,0.022136347368359566,0.012880914844572544,0.9254476428031921,0.010114834643900394,True
CNN Width-8,42,spoon\s05_phone_r2_near\s5r2p30cm_0053.wav,s05_phone_r2_near,spoon,3,3,spoon,0.8423275947570801,0.044437140226364136,0.049286697059869766,0.037718985229730606,0.8423275947570801,0.026229657232761383,True
CNN Width-8,42,spoon\s05_phone_r2_near\s5r2p30cm_0054.wav,s05_phone_r2_near,spoon,3,3,spoon,0.9638676047325134,0.009448510594666004,0.008121409453451633,0.010599000379443169,0.9638676047325134,0.007963492535054684,True
CNN Width-8,42,spoon\s05_phone_r2_near\s5r2p30cm_0055.wav,s05_phone_r2_near,spoon,3,3,spoon,0.8727474808692932,0.03765584155917168,0.03889937326312065,0.03189597651362419,0.8727474808692932,0.0188013706356287,True
CNN Width-8,42,spoon\s05_phone_r2_near\s5r2p30cm_0056.wav,s05_phone_r2_near,spoon,3,3,spoon,0.8329694867134094,0.04529775306582451,0.048665162175893784,0.03558050096035004,0.8329694867134094,0.03748706355690956,True
CNN Width-8,42,spoon\s05_phone_r2_near\s5r2p30cm_0057.wav,s05_phone_r2_near,spoon,3,3,spoon,0.8924539089202881,0.02642497606575489,0.036825031042099,0.031344518065452576,0.8924539089202881,0.012951635755598545,True
CNN Width-8,42,spoon\s05_phone_r2_near\s5r2p30cm_0058.wav,s05_phone_r2_near,spoon,3,3,spoon,0.9760237336158752,0.005223608110100031,0.005447793286293745,0.00904747936874628,0.9760237336158752,0.0042573874816298485,True
CNN Width-8,42,spoon\s05_phone_r2_near\s5r2p30cm_0059.wav,s05_phone_r2_near,spoon,3,3,spoon,0.7832658290863037,0.09025885909795761,0.06640034914016724,0.027071652933955193,0.7832658290863037,0.03300336375832558,True
CNN Width-8,42,spoon\s05_phone_r2_near\s5r2p30cm_0060.wav,s05_phone_r2_near,spoon,3,3,spoon,0.9353891015052795,0.01678827777504921,0.014203722588717937,0.014260626398026943,0.9353891015052795,0.019358159974217415,True
CNN Width-8,42,spoon\s05_phone_r2_near\s5r2p30cm_0061.wav,s05_phone_r2_near,spoon,3,3,spoon,0.8565835952758789,0.07075715065002441,0.0455915629863739,0.01655862294137478,0.8565835952758789,0.01050901785492897,True
CNN Width-8,42,spoon\s05_phone_r2_near\s5r2p30cm_0062.wav,s05_phone_r2_near,spoon,3,3,spoon,0.7118114233016968,0.09379325807094574,0.09313211590051651,0.04097967594861984,0.7118114233016968,0.06028357148170471,True
CNN Width-8,42,spoon\s05_phone_r2_near\s5r2p30cm_0063.wav,s05_phone_r2_near,spoon,3,3,spoon,0.5963033437728882,0.20259253680706024,0.14307431876659393,0.03200703486800194,0.5963033437728882,0.026022721081972122,True
CNN Width-8,42,spoon\s05_phone_r2_near\s5r2p30cm_0064.wav,s05_phone_r2_near,spoon,3,3,spoon,0.8962659239768982,0.04103705659508705,0.03000590391457081,0.01369372196495533,0.8962659239768982,0.018997499719262123,True
CNN Width-8,42,spoon\s05_phone_r2_near\s5r2p30cm_0065.wav,s05_phone_r2_near,spoon,3,3,spoon,0.8749824166297913,0.05315316841006279,0.03414550796151161,0.014768616296350956,0.8749824166297913,0.02295025810599327,True
CNN Width-8,42,spoon\s05_phone_r2_near\s5r2p30cm_0066.wav,s05_phone_r2_near,spoon,3,3,spoon,0.8695229887962341,0.047016918659210205,0.035398293286561966,0.021174713969230652,0.8695229887962341,0.026887185871601105,True
CNN Width-8,42,spoon\s05_phone_r2_near\s5r2p30cm_0067.wav,s05_phone_r2_near,spoon,3,3,spoon,0.8712233304977417,0.033983394503593445,0.030213654041290283,0.0209930632263422,0.8712233304977417,0.0435866117477417,True
CNN Width-8,42,spoon\s05_phone_r2_near\s5r2p30cm_0068.wav,s05_phone_r2_near,spoon,3,3,spoon,0.9081965088844299,0.03365679085254669,0.026205580681562424,0.015311586670577526,0.9081965088844299,0.016629567369818687,True
CNN Width-8,42,spoon\s05_phone_r2_near\s5r2p30cm_0069.wav,s05_phone_r2_near,spoon,3,3,spoon,0.940123975276947,0.011202430352568626,0.011220511049032211,0.0174719225615263,0.940123975276947,0.019981177523732185,True
CNN Width-8,42,spoon\s05_phone_r2_near\s5r2p30cm_0070.wav,s05_phone_r2_near,spoon,3,3,spoon,0.9497734308242798,0.011267888359725475,0.01114521361887455,0.011091096326708794,0.9497734308242798,0.016722412779927254,True
CNN Width-8,42,spoon\s05_phone_r2_near\s5r2p30cm_0071.wav,s05_phone_r2_near,spoon,3,3,spoon,0.8911703824996948,0.028142476454377174,0.026715369895100594,0.021783115342259407,0.8911703824996948,0.03218870609998703,True
CNN Width-8,42,whistle\s05_phone_r2_near\s5_phone_r2_near_0079.wav,s05_phone_r2_near,whistle,4,4,whistle,0.871143639087677,0.006582428235560656,0.016883276402950287,0.05692337825894356,0.04846725985407829,0.871143639087677,True
CNN Width-8,42,whistle\s05_phone_r2_near\s5_phone_r2_near_0080.wav,s05_phone_r2_near,whistle,4,4,whistle,0.8914015293121338,0.0029224371537566185,0.010027334094047546,0.05913809314370155,0.036510564386844635,0.8914015293121338,True
CNN Width-8,42,whistle\s05_phone_r2_near\s5_phone_r2_near_0081.wav,s05_phone_r2_near,whistle,4,4,whistle,0.9374732375144958,0.0008746752282604575,0.004175365902483463,0.046205390244722366,0.011271284893155098,0.9374732375144958,True
CNN Width-8,42,whistle\s05_phone_r2_near\s5_phone_r2_near_0082.wav,s05_phone_r2_near,whistle,4,4,whistle,0.869527280330658,0.006931947078555822,0.02002716436982155,0.05737419053912163,0.04613938555121422,0.869527280330658,True
CNN Width-8,42,whistle\s05_phone_r2_near\s5_phone_r2_near_0083.wav,s05_phone_r2_near,whistle,4,4,whistle,0.9682031273841858,0.00040571088902652264,0.0016523076919838786,0.01893617771565914,0.010802699252963066,0.9682031273841858,True
CNN Width-8,42,whistle\s05_phone_r2_near\s5_phone_r2_near_0084.wav,s05_phone_r2_near,whistle,4,4,whistle,0.6448054313659668,0.059917137026786804,0.14862942695617676,0.08432688564062119,0.06232113391160965,0.6448054313659668,True
CNN Width-8,42,whistle\s05_phone_r2_near\s5_phone_r2_near_0085.wav,s05_phone_r2_near,whistle,4,4,whistle,0.6975972056388855,0.018177244812250137,0.054754145443439484,0.1556568443775177,0.07381457835435867,0.6975972056388855,True
CNN Width-8,42,whistle\s05_phone_r2_near\s5_phone_r2_near_0086.wav,s05_phone_r2_near,whistle,4,4,whistle,0.7610933184623718,0.01693885028362274,0.05025453492999077,0.12311358004808426,0.04859967157244682,0.7610933184623718,True
CNN Width-8,42,whistle\s05_phone_r2_near\s5_phone_r2_near_0088.wav,s05_phone_r2_near,whistle,4,4,whistle,0.9404743313789368,0.0008614402613602579,0.0033971371594816446,0.03952765092253685,0.015739409253001213,0.9404743313789368,True
CNN Width-8,42,whistle\s05_phone_r2_near\s5_phone_r2_near_0089.wav,s05_phone_r2_near,whistle,4,4,whistle,0.9246516227722168,0.0016790200024843216,0.005620921030640602,0.04335245117545128,0.02469603903591633,0.9246516227722168,True
CNN Width-8,42,whistle\s05_phone_r2_near\s5_phone_r2_near_0090.wav,s05_phone_r2_near,whistle,4,4,whistle,0.9318031072616577,0.0008297616732306778,0.003954634070396423,0.049368713051080704,0.014043773524463177,0.9318031072616577,True
CNN Width-8,42,whistle\s05_phone_r2_near\s5_phone_r2_near_0091.wav,s05_phone_r2_near,whistle,4,4,whistle,0.9283364415168762,0.0010362134780734777,0.004190649837255478,0.05056612193584442,0.01587064564228058,0.9283364415168762,True
CNN Width-8,42,whistle\s05_phone_r2_near\s5_phone_r2_near_0092.wav,s05_phone_r2_near,whistle,4,4,whistle,0.8217417597770691,0.007430178578943014,0.018881363794207573,0.08394404500722885,0.0680026188492775,0.8217417597770691,True
CNN Width-8,42,whistle\s05_phone_r2_near\s5_phone_r2_near_0093.wav,s05_phone_r2_near,whistle,4,4,whistle,0.9388163089752197,0.0006571462145075202,0.003629531478509307,0.04464920610189438,0.012247812002897263,0.9388163089752197,True
CNN Width-8,42,whistle\s05_phone_r2_near\s5_phone_r2_near_0094.wav,s05_phone_r2_near,whistle,4,4,whistle,0.8809046149253845,0.007515363395214081,0.02812301181256771,0.06128362566232681,0.022173332050442696,0.8809046149253845,True
CNN Width-8,42,whistle\s05_phone_r2_near\s5_phone_r2_near_0095.wav,s05_phone_r2_near,whistle,4,4,whistle,0.8334659337997437,8.209116458601784e-06,0.00020308644161559641,0.1639750450849533,0.002347661182284355,0.8334659337997437,True
CNN Width-8,42,whistle\s05_phone_r2_near\s5_phone_r2_near_0096.wav,s05_phone_r2_near,whistle,4,4,whistle,0.8808622360229492,0.007487096358090639,0.024105077609419823,0.07087863236665726,0.016666974872350693,0.8808622360229492,True
CNN Width-8,42,whistle\s05_phone_r2_near\s5_phone_r2_near_0097.wav,s05_phone_r2_near,whistle,4,4,whistle,0.7656317353248596,0.015582984313368797,0.058153778314590454,0.14309632778167725,0.017535213381052017,0.7656317353248596,True
CNN Width-8,42,whistle\s05_phone_r2_near\s5_phone_r2_near_0098.wav,s05_phone_r2_near,whistle,4,4,whistle,0.7365414500236511,0.002236079890280962,0.01674085482954979,0.23086191713809967,0.013619774021208286,0.7365414500236511,True
CNN Width-8,42,whistle\s05_phone_r2_near\s5_phone_r2_near_0099.wav,s05_phone_r2_near,whistle,4,4,whistle,0.9216413497924805,0.0016408564988523722,0.007837219163775444,0.05886301025748253,0.010017534717917442,0.9216413497924805,True
CNN Width-8,42,whistle\s05_phone_r2_near\s5_phone_r2_near_0100.wav,s05_phone_r2_near,whistle,4,4,whistle,0.777805507183075,0.0070975162088871,0.0393865630030632,0.15702736377716064,0.018683109432458878,0.777805507183075,True
CNN Width-8,42,whistle\s05_phone_r2_near\s5_phone_r2_near_0101.wav,s05_phone_r2_near,whistle,4,4,whistle,0.9059772491455078,0.0009825968882068992,0.00841741543263197,0.07580817490816116,0.008814537897706032,0.9059772491455078,True
CNN Width-8,42,whistle\s05_phone_r2_near\s5_phone_r2_near_0102.wav,s05_phone_r2_near,whistle,4,4,whistle,0.7455898523330688,0.026325872167944908,0.08045448362827301,0.09294513612985611,0.054684627801179886,0.7455898523330688,True
CNN Width-8,42,whistle\s05_phone_r2_near\s5_phone_r2_near_0103.wav,s05_phone_r2_near,whistle,4,4,whistle,0.8849465847015381,0.004655422642827034,0.0209274310618639,0.06976325809955597,0.01970718242228031,0.8849465847015381,True
CNN Width-8,42,whistle\s05_phone_r2_near\s5_phone_r2_near_0104.wav,s05_phone_r2_near,whistle,4,2,sing,0.518839418888092,0.012173522263765335,0.13168920576572418,0.518839418888092,0.01562805287539959,0.32166972756385803,False
CNN Width-8,123,clap\s05_phone_r2_near\s5_phone_r2_near_0003.wav,s05_phone_r2_near,clap,0,0,clap,0.4452916979789734,0.4452916979789734,0.38957932591438293,0.02011384814977646,0.1276092380285263,0.017405815422534943,True
CNN Width-8,123,clap\s05_phone_r2_near\s5_phone_r2_near_0004.wav,s05_phone_r2_near,clap,0,0,clap,0.47130200266838074,0.47130200266838074,0.3902862071990967,0.019042326137423515,0.10897798091173172,0.010391521267592907,True
CNN Width-8,123,clap\s05_phone_r2_near\s5_phone_r2_near_0005.wav,s05_phone_r2_near,clap,0,0,clap,0.4734085500240326,0.4734085500240326,0.3578282296657562,0.015377065166831017,0.14212791621685028,0.01125834509730339,True
CNN Width-8,123,clap\s05_phone_r2_near\s5_phone_r2_near_0006.wav,s05_phone_r2_near,clap,0,1,knock,0.3965725302696228,0.37569448351860046,0.3965725302696228,0.039170894771814346,0.1662321388721466,0.022329984232783318,False
CNN Width-8,123,clap\s05_phone_r2_near\s5_phone_r2_near_0007.wav,s05_phone_r2_near,clap,0,0,clap,0.4748021066188812,0.4748021066188812,0.37554931640625,0.01710188388824463,0.12305755913257599,0.009489163756370544,True
CNN Width-8,123,clap\s05_phone_r2_near\s5_phone_r2_near_0008.wav,s05_phone_r2_near,clap,0,0,clap,0.4635387063026428,0.4635387063026428,0.3911972939968109,0.022175941616296768,0.11378970742225647,0.009298363700509071,True
CNN Width-8,123,clap\s05_phone_r2_near\s5_phone_r2_near_0009.wav,s05_phone_r2_near,clap,0,0,clap,0.4458867311477661,0.4458867311477661,0.3828696310520172,0.02105168253183365,0.1373908966779709,0.012801084667444229,True
CNN Width-8,123,clap\s05_phone_r2_near\s5_phone_r2_near_0010.wav,s05_phone_r2_near,clap,0,0,clap,0.5009607076644897,0.5009607076644897,0.3689641058444977,0.01324995793402195,0.10916882753372192,0.007656391244381666,True
CNN Width-8,123,clap\s05_phone_r2_near\s5_phone_r2_near_0011.wav,s05_phone_r2_near,clap,0,0,clap,0.4746800363063812,0.4746800363063812,0.3547728657722473,0.015415078960359097,0.1420678347349167,0.01306419912725687,True
CNN Width-8,123,clap\s05_phone_r2_near\s5_phone_r2_near_0012.wav,s05_phone_r2_near,clap,0,0,clap,0.4413744807243347,0.4413744807243347,0.36370667815208435,0.02004791609942913,0.1577533483505249,0.01711755059659481,True
CNN Width-8,123,clap\s05_phone_r2_near\s5_phone_r2_near_0013.wav,s05_phone_r2_near,clap,0,0,clap,0.3722754716873169,0.3722754716873169,0.3358209729194641,0.023101719096302986,0.22977155447006226,0.03903033211827278,True
CNN Width-8,123,clap\s05_phone_r2_near\s5_phone_r2_near_0014.wav,s05_phone_r2_near,clap,0,1,knock,0.36168307065963745,0.3487020432949066,0.36168307065963745,0.03172025457024574,0.2190786451101303,0.03881603106856346,False
CNN Width-8,123,clap\s05_phone_r2_near\s5_phone_r2_near_0015.wav,s05_phone_r2_near,clap,0,0,clap,0.42338430881500244,0.42338430881500244,0.3527279198169708,0.020856983959674835,0.1818566918373108,0.021174069494009018,True
CNN Width-8,123,clap\s05_phone_r2_near\s5_phone_r2_near_0016.wav,s05_phone_r2_near,clap,0,1,knock,0.389443039894104,0.3771427869796753,0.389443039894104,0.028819557279348373,0.1735430508852005,0.03105156496167183,False
CNN Width-8,123,clap\s05_phone_r2_near\s5_phone_r2_near_0017.wav,s05_phone_r2_near,clap,0,0,clap,0.400473952293396,0.400473952293396,0.3622075915336609,0.024479815736413002,0.18140263855457306,0.03143595531582832,True
CNN Width-8,123,clap\s05_phone_r2_near\s5_phone_r2_near_0018.wav,s05_phone_r2_near,clap,0,0,clap,0.46344467997550964,0.46344467997550964,0.38656678795814514,0.025918960571289062,0.11374789476394653,0.010321710258722305,True
CNN Width-8,123,clap\s05_phone_r2_near\s5_phone_r2_near_0019.wav,s05_phone_r2_near,clap,0,0,clap,0.4779719114303589,0.4779719114303589,0.3780952990055084,0.02080332674086094,0.113886259496212,0.009243194945156574,True
CNN Width-8,123,clap\s05_phone_r2_near\s5_phone_r2_near_0020.wav,s05_phone_r2_near,clap,0,0,clap,0.4294047951698303,0.4294047951698303,0.37326937913894653,0.025308609008789062,0.15290425717830658,0.019113028421998024,True
CNN Width-8,123,clap\s05_phone_r2_near\s5_phone_r2_near_0021.wav,s05_phone_r2_near,clap,0,0,clap,0.46216076612472534,0.46216076612472534,0.3750022053718567,0.018347708508372307,0.1296248883008957,0.014864408411085606,True
CNN Width-8,123,clap\s05_phone_r2_near\s5_phone_r2_near_0022.wav,s05_phone_r2_near,clap,0,0,clap,0.3947393298149109,0.3947393298149109,0.3864922523498535,0.042599212378263474,0.15249595046043396,0.023673219606280327,True
CNN Width-8,123,knock\s05_phone_r2_near\s5r2p30cm_0026.wav,s05_phone_r2_near,knock,1,1,knock,0.4459441900253296,0.3710433840751648,0.4459441900253296,0.0327359139919281,0.13033264875411987,0.019943753257393837,True
CNN Width-8,123,knock\s05_phone_r2_near\s5r2p30cm_0027.wav,s05_phone_r2_near,knock,1,1,knock,0.43799465894699097,0.3613792359828949,0.43799465894699097,0.031560081988573074,0.1426689326763153,0.026397081092000008,True
CNN Width-8,123,knock\s05_phone_r2_near\s5r2p30cm_0028.wav,s05_phone_r2_near,knock,1,1,knock,0.45101284980773926,0.37950918078422546,0.45101284980773926,0.025429071858525276,0.1266288310289383,0.01742001250386238,True
CNN Width-8,123,knock\s05_phone_r2_near\s5r2p30cm_0029.wav,s05_phone_r2_near,knock,1,1,knock,0.424246609210968,0.38227880001068115,0.424246609210968,0.026597173884510994,0.14207665622234344,0.024800719693303108,True
CNN Width-8,123,knock\s05_phone_r2_near\s5r2p30cm_0030.wav,s05_phone_r2_near,knock,1,1,knock,0.41827237606048584,0.36560097336769104,0.41827237606048584,0.034346796572208405,0.13855504989624023,0.04322480037808418,True
CNN Width-8,123,knock\s05_phone_r2_near\s5r2p30cm_0031.wav,s05_phone_r2_near,knock,1,4,whistle,0.43348199129104614,0.09557098150253296,0.14275111258029938,0.17349252104759216,0.15470346808433533,0.43348199129104614,False
CNN Width-8,123,knock\s05_phone_r2_near\s5r2p30cm_0035.wav,s05_phone_r2_near,knock,1,1,knock,0.42488884925842285,0.32995912432670593,0.42488884925842285,0.048217274248600006,0.15654970705509186,0.04038497805595398,True
CNN Width-8,123,knock\s05_phone_r2_near\s5r2p30cm_0036.wav,s05_phone_r2_near,knock,1,1,knock,0.43366995453834534,0.35890382528305054,0.43366995453834534,0.028112921863794327,0.15272018313407898,0.026593182235956192,True
CNN Width-8,123,knock\s05_phone_r2_near\s5r2p30cm_0037.wav,s05_phone_r2_near,knock,1,1,knock,0.4283371865749359,0.31587085127830505,0.4283371865749359,0.057698655873537064,0.16378198564052582,0.03431131690740585,True
CNN Width-8,123,knock\s05_phone_r2_near\s5r2p30cm_0038.wav,s05_phone_r2_near,knock,1,1,knock,0.42396754026412964,0.39599984884262085,0.42396754026412964,0.02309800684452057,0.13698150217533112,0.01995314471423626,True
CNN Width-8,123,knock\s05_phone_r2_near\s5r2p30cm_0039.wav,s05_phone_r2_near,knock,1,1,knock,0.41999879479408264,0.3312007188796997,0.41999879479408264,0.04520092159509659,0.15948860347270966,0.0441109873354435,True
CNN Width-8,123,knock\s05_phone_r2_near\s5r2p30cm_0040.wav,s05_phone_r2_near,knock,1,1,knock,0.4240246117115021,0.418576717376709,0.4240246117115021,0.02197614312171936,0.11101298034191132,0.02440948411822319,True
CNN Width-8,123,knock\s05_phone_r2_near\s5r2p30cm_0041.wav,s05_phone_r2_near,knock,1,1,knock,0.4059377610683441,0.3814493715763092,0.4059377610683441,0.03930126503109932,0.13466744124889374,0.038644175976514816,True
CNN Width-8,123,knock\s05_phone_r2_near\s5r2p30cm_0042.wav,s05_phone_r2_near,knock,1,1,knock,0.42183518409729004,0.3831864893436432,0.42183518409729004,0.03069339320063591,0.14391139149665833,0.020373502746224403,True
CNN Width-8,123,knock\s05_phone_r2_near\s5r2p30cm_0043.wav,s05_phone_r2_near,knock,1,1,knock,0.41635727882385254,0.32026004791259766,0.41635727882385254,0.056793276220560074,0.15089376270771027,0.05569560453295708,True
CNN Width-8,123,knock\s05_phone_r2_near\s5r2p30cm_0044.wav,s05_phone_r2_near,knock,1,1,knock,0.43055397272109985,0.3425880968570709,0.43055397272109985,0.042711447924375534,0.14476364850997925,0.039382848888635635,True
CNN Width-8,123,knock\s05_phone_r2_near\s5r2p30cm_0045.wav,s05_phone_r2_near,knock,1,1,knock,0.4445733428001404,0.30902591347694397,0.4445733428001404,0.06383702903985977,0.15152300894260406,0.031040674075484276,True
CNN Width-8,123,knock\s05_phone_r2_near\s5r2p30cm_0046.wav,s05_phone_r2_near,knock,1,1,knock,0.4656526744365692,0.3661825656890869,0.4656526744365692,0.03569430112838745,0.11295471340417862,0.019515778869390488,True
CNN Width-8,123,knock\s05_phone_r2_near\s5r2p30cm_0047.wav,s05_phone_r2_near,knock,1,1,knock,0.44599029421806335,0.42078813910484314,0.44599029421806335,0.022290589287877083,0.09840763360261917,0.01252342015504837,True
CNN Width-8,123,sing\s05_phone_r2_near\s5r2p30cm_0002.wav,s05_phone_r2_near,sing,2,2,sing,0.9084103107452393,0.0011111573548987508,0.004167640581727028,0.9084103107452393,0.03109109029173851,0.05521973967552185,True
CNN Width-8,123,sing\s05_phone_r2_near\s5r2p30cm_0003.wav,s05_phone_r2_near,sing,2,2,sing,0.9717716574668884,0.0005209515802562237,0.001955759711563587,0.9717716574668884,0.006716199219226837,0.01903545670211315,True
CNN Width-8,123,sing\s05_phone_r2_near\s5r2p30cm_0004.wav,s05_phone_r2_near,sing,2,2,sing,0.9941352605819702,0.00031510379631072283,0.0011151187354698777,0.9941352605819702,0.0010860838228836656,0.003348415484651923,True
CNN Width-8,123,sing\s05_phone_r2_near\s5r2p30cm_0005.wav,s05_phone_r2_near,sing,2,2,sing,0.9866660237312317,0.0001768846996128559,0.0007695584208704531,0.9866660237312317,0.002736951457336545,0.009650553576648235,True
CNN Width-8,123,sing\s05_phone_r2_near\s5r2p30cm_0006.wav,s05_phone_r2_near,sing,2,2,sing,0.9821012616157532,0.0011486662551760674,0.004209818784147501,0.9821012616157532,0.005604017525911331,0.006936185993254185,True
CNN Width-8,123,sing\s05_phone_r2_near\s5r2p30cm_0007.wav,s05_phone_r2_near,sing,2,2,sing,0.9802360534667969,0.00019544466340448707,0.0008857489447109401,0.9802360534667969,0.01102898083627224,0.007653866894543171,True
CNN Width-8,123,sing\s05_phone_r2_near\s5r2p30cm_0008.wav,s05_phone_r2_near,sing,2,2,sing,0.9965104460716248,3.388141340110451e-05,0.00019511469872668386,0.9965104460716248,0.000498141860589385,0.002762414515018463,True
CNN Width-8,123,sing\s05_phone_r2_near\s5r2p30cm_0009.wav,s05_phone_r2_near,sing,2,2,sing,0.9973887801170349,0.00017204610048793256,0.0007723259041085839,0.9973887801170349,0.0008848909637890756,0.0007819613674655557,True
CNN Width-8,123,sing\s05_phone_r2_near\s5r2p30cm_0010.wav,s05_phone_r2_near,sing,2,2,sing,0.9731876254081726,0.00013513947487808764,0.0006301779067143798,0.9731876254081726,0.011771219782531261,0.014275815337896347,True
CNN Width-8,123,sing\s05_phone_r2_near\s5r2p30cm_0011.wav,s05_phone_r2_near,sing,2,2,sing,0.8683485388755798,0.000377336167730391,0.0015138814924284816,0.8683485388755798,0.09873688966035843,0.03102339804172516,True
CNN Width-8,123,sing\s05_phone_r2_near\s5r2p30cm_0012.wav,s05_phone_r2_near,sing,2,2,sing,0.9780367016792297,0.0009989853715524077,0.0039669969119131565,0.9780367016792297,0.009509153664112091,0.007488158065825701,True
CNN Width-8,123,sing\s05_phone_r2_near\s5r2p30cm_0013.wav,s05_phone_r2_near,sing,2,2,sing,0.9732081890106201,0.0014786019455641508,0.004600523971021175,0.9732081890106201,0.0037898479495197535,0.016922801733016968,True
CNN Width-8,123,sing\s05_phone_r2_near\s5r2p30cm_0014.wav,s05_phone_r2_near,sing,2,2,sing,0.9979085922241211,7.827143235772382e-06,6.053913966752589e-05,0.9979085922241211,0.0006794622750021517,0.0013436037115752697,True
CNN Width-8,123,sing\s05_phone_r2_near\s5r2p30cm_0015.wav,s05_phone_r2_near,sing,2,2,sing,0.9991497993469238,1.1050421562686097e-05,8.104225707938895e-05,0.9991497993469238,0.0003427483607083559,0.0004153643676545471,True
CNN Width-8,123,sing\s05_phone_r2_near\s5r2p30cm_0016.wav,s05_phone_r2_near,sing,2,2,sing,0.9991297125816345,2.3060010789777152e-06,1.9339016944286413e-05,0.9991297125816345,9.8398384579923e-05,0.0007501440704800189,True
CNN Width-8,123,sing\s05_phone_r2_near\s5r2p30cm_0017.wav,s05_phone_r2_near,sing,2,2,sing,0.9979689717292786,1.398675794916926e-05,8.159676508512348e-05,0.9979689717292786,0.00031198086799122393,0.0016234535723924637,True
CNN Width-8,123,sing\s05_phone_r2_near\s5r2p30cm_0018.wav,s05_phone_r2_near,sing,2,2,sing,0.9989443421363831,2.1220286726020277e-05,0.00012992779375053942,0.9989443421363831,0.00018664266099222004,0.0007179042440839112,True
CNN Width-8,123,sing\s05_phone_r2_near\s5r2p30cm_0019.wav,s05_phone_r2_near,sing,2,2,sing,0.9916198253631592,0.0001087789933080785,0.0004448821418918669,0.9916198253631592,0.002145542996004224,0.0056809415109455585,True
CNN Width-8,123,sing\s05_phone_r2_near\s5r2p30cm_0020.wav,s05_phone_r2_near,sing,2,2,sing,0.9966261386871338,5.164110189070925e-05,0.00024017713440116495,0.9966261386871338,0.00041374959982931614,0.0026683839969336987,True
CNN Width-8,123,sing\s05_phone_r2_near\s5r2p30cm_0021.wav,s05_phone_r2_near,sing,2,2,sing,0.9978818297386169,1.6341022273991257e-05,0.00010107620619237423,0.9978818297386169,0.0005624711047858,0.0014382405206561089,True
CNN Width-8,123,sing\s05_phone_r2_near\s5r2p30cm_0022.wav,s05_phone_r2_near,sing,2,2,sing,0.9869890213012695,9.827022586250678e-05,0.000471691251732409,0.9869890213012695,0.006507870741188526,0.005933120846748352,True
CNN Width-8,123,sing\s05_phone_r2_near\s5r2p30cm_0023.wav,s05_phone_r2_near,sing,2,2,sing,0.9934379458427429,2.1960140657029115e-05,0.00013735549873672426,0.9934379458427429,0.003910749219357967,0.002492062281817198,True
CNN Width-8,123,sing\s05_phone_r2_near\s5r2p30cm_0024.wav,s05_phone_r2_near,sing,2,2,sing,0.9955534338951111,9.046558261616156e-05,0.00037809545756317675,0.9955534338951111,0.0009014524985104799,0.003076439956203103,True
CNN Width-8,123,spoon\s05_phone_r2_near\s5r2p30cm_0049.wav,s05_phone_r2_near,spoon,3,3,spoon,0.418783038854599,0.14010632038116455,0.18303224444389343,0.11060269176959991,0.418783038854599,0.14747560024261475,True
CNN Width-8,123,spoon\s05_phone_r2_near\s5r2p30cm_0050.wav,s05_phone_r2_near,spoon,3,3,spoon,0.6754940748214722,0.11850354820489883,0.12735293805599213,0.04683097079396248,0.6754940748214722,0.03181849792599678,True
CNN Width-8,123,spoon\s05_phone_r2_near\s5r2p30cm_0051.wav,s05_phone_r2_near,spoon,3,3,spoon,0.6493824124336243,0.12362780421972275,0.13141165673732758,0.05535813421010971,0.6493824124336243,0.040219977498054504,True
CNN Width-8,123,spoon\s05_phone_r2_near\s5r2p30cm_0052.wav,s05_phone_r2_near,spoon,3,3,spoon,0.6907294392585754,0.09968946129083633,0.11094962060451508,0.06452808529138565,0.6907294392585754,0.034103360027074814,True
CNN Width-8,123,spoon\s05_phone_r2_near\s5r2p30cm_0053.wav,s05_phone_r2_near,spoon,3,3,spoon,0.5924270153045654,0.12156300246715546,0.1460266411304474,0.07312886416912079,0.5924270153045654,0.06685452908277512,True
CNN Width-8,123,spoon\s05_phone_r2_near\s5r2p30cm_0054.wav,s05_phone_r2_near,spoon,3,3,spoon,0.7722083926200867,0.04941306263208389,0.06376858800649643,0.07014701515436172,0.7722083926200867,0.044462934136390686,True
CNN Width-8,123,spoon\s05_phone_r2_near\s5r2p30cm_0055.wav,s05_phone_r2_near,spoon,3,3,spoon,0.6124758124351501,0.08424817770719528,0.11434445530176163,0.11716903001070023,0.6124758124351501,0.07176254689693451,True
CNN Width-8,123,spoon\s05_phone_r2_near\s5r2p30cm_0056.wav,s05_phone_r2_near,spoon,3,3,spoon,0.6033048629760742,0.12435440719127655,0.14529691636562347,0.07584401220083237,0.6033048629760742,0.051199838519096375,True
CNN Width-8,123,spoon\s05_phone_r2_near\s5r2p30cm_0057.wav,s05_phone_r2_near,spoon,3,3,spoon,0.6295453906059265,0.09252720326185226,0.1212317943572998,0.10172808915376663,0.6295453906059265,0.054967593401670456,True
CNN Width-8,123,spoon\s05_phone_r2_near\s5r2p30cm_0058.wav,s05_phone_r2_near,spoon,3,3,spoon,0.7100018262863159,0.06595797836780548,0.08100715279579163,0.0964771956205368,0.7100018262863159,0.04655587673187256,True
CNN Width-8,123,spoon\s05_phone_r2_near\s5r2p30cm_0059.wav,s05_phone_r2_near,spoon,3,3,spoon,0.5415911674499512,0.16477932035923004,0.17030689120292664,0.07199785113334656,0.5415911674499512,0.051324788480997086,True
CNN Width-8,123,spoon\s05_phone_r2_near\s5r2p30cm_0060.wav,s05_phone_r2_near,spoon,3,3,spoon,0.6839056015014648,0.07104012370109558,0.08973980695009232,0.09126590937376022,0.6839056015014648,0.06404861062765121,True
CNN Width-8,123,spoon\s05_phone_r2_near\s5r2p30cm_0061.wav,s05_phone_r2_near,spoon,3,3,spoon,0.5781114101409912,0.1370745152235031,0.15419946610927582,0.07204066962003708,0.5781114101409912,0.058573946356773376,True
CNN Width-8,123,spoon\s05_phone_r2_near\s5r2p30cm_0062.wav,s05_phone_r2_near,spoon,3,3,spoon,0.5341724753379822,0.14397194981575012,0.17219120264053345,0.07074972242116928,0.5341724753379822,0.07891463488340378,True
CNN Width-8,123,spoon\s05_phone_r2_near\s5r2p30cm_0063.wav,s05_phone_r2_near,spoon,3,3,spoon,0.45389097929000854,0.21176809072494507,0.2194884866476059,0.06745442748069763,0.45389097929000854,0.047398097813129425,True
CNN Width-8,123,spoon\s05_phone_r2_near\s5r2p30cm_0064.wav,s05_phone_r2_near,spoon,3,3,spoon,0.6471434235572815,0.11135141551494598,0.12341242283582687,0.07473477721214294,0.6471434235572815,0.04335799068212509,True
CNN Width-8,123,spoon\s05_phone_r2_near\s5r2p30cm_0065.wav,s05_phone_r2_near,spoon,3,3,spoon,0.6209492683410645,0.13924656808376312,0.14252084493637085,0.05106975883245468,0.6209492683410645,0.0462135374546051,True
CNN Width-8,123,spoon\s05_phone_r2_near\s5r2p30cm_0066.wav,s05_phone_r2_near,spoon,3,3,spoon,0.6233733296394348,0.11406000703573227,0.1280716359615326,0.07713605463504791,0.6233733296394348,0.057358987629413605,True
CNN Width-8,123,spoon\s05_phone_r2_near\s5r2p30cm_0067.wav,s05_phone_r2_near,spoon,3,3,spoon,0.5964329242706299,0.12058885395526886,0.14269736409187317,0.08899813890457153,0.5964329242706299,0.05128274857997894,True
CNN Width-8,123,spoon\s05_phone_r2_near\s5r2p30cm_0068.wav,s05_phone_r2_near,spoon,3,3,spoon,0.7020441889762878,0.09664234519004822,0.10579854249954224,0.05683061107993126,0.7020441889762878,0.038684286177158356,True
CNN Width-8,123,spoon\s05_phone_r2_near\s5r2p30cm_0069.wav,s05_phone_r2_near,spoon,3,3,spoon,0.7336477637290955,0.04625311493873596,0.06549719721078873,0.1029449924826622,0.7336477637290955,0.05165694281458855,True
CNN Width-8,123,spoon\s05_phone_r2_near\s5r2p30cm_0070.wav,s05_phone_r2_near,spoon,3,3,spoon,0.6694595813751221,0.09781236946582794,0.11498181521892548,0.07614252716302872,0.6694595813751221,0.04160367697477341,True
CNN Width-8,123,spoon\s05_phone_r2_near\s5r2p30cm_0071.wav,s05_phone_r2_near,spoon,3,3,spoon,0.6293714046478271,0.08252857625484467,0.11291664838790894,0.11355078220367432,0.6293714046478271,0.06163258105516434,True
CNN Width-8,123,whistle\s05_phone_r2_near\s5_phone_r2_near_0079.wav,s05_phone_r2_near,whistle,4,4,whistle,0.6914025545120239,0.031210172921419144,0.044060561805963516,0.1659800261259079,0.06734665483236313,0.6914025545120239,True
CNN Width-8,123,whistle\s05_phone_r2_near\s5_phone_r2_near_0080.wav,s05_phone_r2_near,whistle,4,4,whistle,0.7174925208091736,0.020970817655324936,0.031191427260637283,0.17301271855831146,0.05733248591423035,0.7174925208091736,True
CNN Width-8,123,whistle\s05_phone_r2_near\s5_phone_r2_near_0081.wav,s05_phone_r2_near,whistle,4,4,whistle,0.7440022230148315,0.01257365196943283,0.018251346424221992,0.17996448278427124,0.04520833119750023,0.7440022230148315,True
CNN Width-8,123,whistle\s05_phone_r2_near\s5_phone_r2_near_0082.wav,s05_phone_r2_near,whistle,4,4,whistle,0.6683355569839478,0.029404183849692345,0.04449264705181122,0.1707153618335724,0.08705228567123413,0.6683355569839478,True
CNN Width-8,123,whistle\s05_phone_r2_near\s5_phone_r2_near_0083.wav,s05_phone_r2_near,whistle,4,4,whistle,0.8123275637626648,0.004753543995320797,0.00719787273555994,0.1578262448310852,0.017894737422466278,0.8123275637626648,True
CNN Width-8,123,whistle\s05_phone_r2_near\s5_phone_r2_near_0084.wav,s05_phone_r2_near,whistle,4,4,whistle,0.38805505633354187,0.11733987182378769,0.17787401378154755,0.11915408074855804,0.19757705926895142,0.38805505633354187,True
CNN Width-8,123,whistle\s05_phone_r2_near\s5_phone_r2_near_0085.wav,s05_phone_r2_near,whistle,4,4,whistle,0.5349373817443848,0.057920023798942566,0.08688796311616898,0.20895591378211975,0.11129876226186752,0.5349373817443848,True
CNN Width-8,123,whistle\s05_phone_r2_near\s5_phone_r2_near_0086.wav,s05_phone_r2_near,whistle,4,4,whistle,0.6595780849456787,0.04620908945798874,0.06373504549264908,0.13823464512825012,0.09224313497543335,0.6595780849456787,True
CNN Width-8,123,whistle\s05_phone_r2_near\s5_phone_r2_near_0088.wav,s05_phone_r2_near,whistle,4,4,whistle,0.7021013498306274,0.014102643355727196,0.02166728302836418,0.20934142172336578,0.05278732255101204,0.7021013498306274,True
CNN Width-8,123,whistle\s05_phone_r2_near\s5_phone_r2_near_0089.wav,s05_phone_r2_near,whistle,4,4,whistle,0.760772168636322,0.015974728390574455,0.022388223558664322,0.15227942168712616,0.048585426062345505,0.760772168636322,True
CNN Width-8,123,whistle\s05_phone_r2_near\s5_phone_r2_near_0090.wav,s05_phone_r2_near,whistle,4,4,whistle,0.7640237808227539,0.010985035449266434,0.015946796163916588,0.17316709458827972,0.03587740659713745,0.7640237808227539,True
CNN Width-8,123,whistle\s05_phone_r2_near\s5_phone_r2_near_0091.wav,s05_phone_r2_near,whistle,4,4,whistle,0.7760046124458313,0.012086189351975918,0.015660641714930534,0.164361372590065,0.03188718855381012,0.7760046124458313,True
CNN Width-8,123,whistle\s05_phone_r2_near\s5_phone_r2_near_0092.wav,s05_phone_r2_near,whistle,4,4,whistle,0.6924992799758911,0.04009107127785683,0.0447966642677784,0.12921808660030365,0.09339489787817001,0.6924992799758911,True
CNN Width-8,123,whistle\s05_phone_r2_near\s5_phone_r2_near_0093.wav,s05_phone_r2_near,whistle,4,4,whistle,0.6947159767150879,0.014555622823536396,0.023148393258452415,0.21878410875797272,0.04879586771130562,0.6947159767150879,True
CNN Width-8,123,whistle\s05_phone_r2_near\s5_phone_r2_near_0094.wav,s05_phone_r2_near,whistle,4,4,whistle,0.6544013619422913,0.045400138944387436,0.06331389397382736,0.14845970273017883,0.08842489868402481,0.6544013619422913,True
CNN Width-8,123,whistle\s05_phone_r2_near\s5_phone_r2_near_0095.wav,s05_phone_r2_near,whistle,4,4,whistle,0.768312931060791,0.000982307130470872,0.0013765996554866433,0.22555342316627502,0.0037747693713754416,0.768312931060791,True
CNN Width-8,123,whistle\s05_phone_r2_near\s5_phone_r2_near_0096.wav,s05_phone_r2_near,whistle,4,4,whistle,0.5259246826171875,0.05744737759232521,0.07244197279214859,0.26823869347572327,0.07594726979732513,0.5259246826171875,True
CNN Width-8,123,whistle\s05_phone_r2_near\s5_phone_r2_near_0097.wav,s05_phone_r2_near,whistle,4,4,whistle,0.41821038722991943,0.10668393224477768,0.12859174609184265,0.2567366659641266,0.08977717161178589,0.41821038722991943,True
CNN Width-8,123,whistle\s05_phone_r2_near\s5_phone_r2_near_0098.wav,s05_phone_r2_near,whistle,4,2,sing,0.5112258791923523,0.03167322278022766,0.04881596565246582,0.5112258791923523,0.04289098456501961,0.3653939366340637,False
CNN Width-8,123,whistle\s05_phone_r2_near\s5_phone_r2_near_0099.wav,s05_phone_r2_near,whistle,4,4,whistle,0.6676064729690552,0.024035699665546417,0.03261809051036835,0.228632852435112,0.047106917947530746,0.6676064729690552,True
CNN Width-8,123,whistle\s05_phone_r2_near\s5_phone_r2_near_0100.wav,s05_phone_r2_near,whistle,4,4,whistle,0.41571515798568726,0.07761290669441223,0.1075478047132492,0.3026222288608551,0.09650194644927979,0.41571515798568726,True
CNN Width-8,123,whistle\s05_phone_r2_near\s5_phone_r2_near_0101.wav,s05_phone_r2_near,whistle,4,4,whistle,0.6698815822601318,0.018564628437161446,0.02996647357940674,0.23008710145950317,0.05150027200579643,0.6698815822601318,True
CNN Width-8,123,whistle\s05_phone_r2_near\s5_phone_r2_near_0102.wav,s05_phone_r2_near,whistle,4,4,whistle,0.39266103506088257,0.11556986719369888,0.16677510738372803,0.15869447588920593,0.16629955172538757,0.39266103506088257,True
CNN Width-8,123,whistle\s05_phone_r2_near\s5_phone_r2_near_0103.wav,s05_phone_r2_near,whistle,4,4,whistle,0.5860938429832458,0.048660069704055786,0.069920115172863,0.19162192940711975,0.10370396822690964,0.5860938429832458,True
CNN Width-8,123,whistle\s05_phone_r2_near\s5_phone_r2_near_0104.wav,s05_phone_r2_near,whistle,4,2,sing,0.3172266483306885,0.10161127150058746,0.15607407689094543,0.3172266483306885,0.12302499264478683,0.3020630180835724,False
CNN Width-8,777,clap\s05_phone_r2_near\s5_phone_r2_near_0003.wav,s05_phone_r2_near,clap,0,0,clap,0.8746646046638489,0.8746646046638489,0.11332593113183975,0.0011309843976050615,0.010324645787477493,0.000553865625988692,True
CNN Width-8,777,clap\s05_phone_r2_near\s5_phone_r2_near_0004.wav,s05_phone_r2_near,clap,0,0,clap,0.883279025554657,0.883279025554657,0.11226591467857361,0.0003778600075747818,0.003858112497255206,0.00021900489809922874,True
CNN Width-8,777,clap\s05_phone_r2_near\s5_phone_r2_near_0005.wav,s05_phone_r2_near,clap,0,0,clap,0.8875429034233093,0.8875429034233093,0.09743686020374298,0.0009864299790933728,0.01362111046910286,0.00041273017995990813,True
CNN Width-8,777,clap\s05_phone_r2_near\s5_phone_r2_near_0006.wav,s05_phone_r2_near,clap,0,0,clap,0.8675515055656433,0.8675515055656433,0.12444613128900528,0.00041393141145817935,0.007357415743172169,0.0002310372656211257,True
CNN Width-8,777,clap\s05_phone_r2_near\s5_phone_r2_near_0007.wav,s05_phone_r2_near,clap,0,0,clap,0.9103503227233887,0.9103503227233887,0.07816285640001297,0.0008917728555388749,0.01033043209463358,0.00026465795235708356,True
CNN Width-8,777,clap\s05_phone_r2_near\s5_phone_r2_near_0008.wav,s05_phone_r2_near,clap,0,0,clap,0.8967310786247253,0.8967310786247253,0.09880734235048294,0.0003795754164457321,0.003922652918845415,0.00015934435941744596,True
CNN Width-8,777,clap\s05_phone_r2_near\s5_phone_r2_near_0009.wav,s05_phone_r2_near,clap,0,0,clap,0.928711473941803,0.928711473941803,0.06069736182689667,0.0007459421176463366,0.009646803140640259,0.00019842026813421398,True
CNN Width-8,777,clap\s05_phone_r2_near\s5_phone_r2_near_0010.wav,s05_phone_r2_near,clap,0,0,clap,0.9018476605415344,0.9018476605415344,0.09120780974626541,0.00044308186625130475,0.006306986324489117,0.0001944966643350199,True
CNN Width-8,777,clap\s05_phone_r2_near\s5_phone_r2_near_0011.wav,s05_phone_r2_near,clap,0,0,clap,0.9099360704421997,0.9099360704421997,0.07794380933046341,0.0008763028890825808,0.010942552238702774,0.00030119335860945284,True
CNN Width-8,777,clap\s05_phone_r2_near\s5_phone_r2_near_0012.wav,s05_phone_r2_near,clap,0,0,clap,0.847385048866272,0.847385048866272,0.12896645069122314,0.0017238210421055555,0.020926300436258316,0.0009983230847865343,True
CNN Width-8,777,clap\s05_phone_r2_near\s5_phone_r2_near_0013.wav,s05_phone_r2_near,clap,0,0,clap,0.8061843514442444,0.8061843514442444,0.13063131272792816,0.005836187861859798,0.05447772890329361,0.002870416035875678,True
CNN Width-8,777,clap\s05_phone_r2_near\s5_phone_r2_near_0014.wav,s05_phone_r2_near,clap,0,0,clap,0.7177184224128723,0.7177184224128723,0.21482284367084503,0.007184148300439119,0.05468102917075157,0.0055935499258339405,True
CNN Width-8,777,clap\s05_phone_r2_near\s5_phone_r2_near_0015.wav,s05_phone_r2_near,clap,0,0,clap,0.8829501271247864,0.8829501271247864,0.08936479687690735,0.002026388654485345,0.024948228150606155,0.0007104811957105994,True
CNN Width-8,777,clap\s05_phone_r2_near\s5_phone_r2_near_0016.wav,s05_phone_r2_near,clap,0,0,clap,0.7258453965187073,0.7258453965187073,0.24467505514621735,0.0022627203725278378,0.024463534355163574,0.0027533459942787886,True
CNN Width-8,777,clap\s05_phone_r2_near\s5_phone_r2_near_0017.wav,s05_phone_r2_near,clap,0,0,clap,0.8622560501098633,0.8622560501098633,0.11171838641166687,0.002212697872892022,0.02277982421219349,0.0010330767836421728,True
CNN Width-8,777,clap\s05_phone_r2_near\s5_phone_r2_near_0018.wav,s05_phone_r2_near,clap,0,0,clap,0.9290996193885803,0.9290996193885803,0.06432812660932541,0.0006564816576428711,0.0057524507865309715,0.0001633565261727199,True
CNN Width-8,777,clap\s05_phone_r2_near\s5_phone_r2_near_0019.wav,s05_phone_r2_near,clap,0,0,clap,0.9245971441268921,0.9245971441268921,0.06894129514694214,0.0006177641917020082,0.005671716295182705,0.00017201906302943826,True
CNN Width-8,777,clap\s05_phone_r2_near\s5_phone_r2_near_0020.wav,s05_phone_r2_near,clap,0,0,clap,0.8722175359725952,0.8722175359725952,0.113306924700737,0.0013883470091968775,0.012436764314770699,0.0006503394106402993,True
CNN Width-8,777,clap\s05_phone_r2_near\s5_phone_r2_near_0021.wav,s05_phone_r2_near,clap,0,0,clap,0.8879634737968445,0.8879634737968445,0.09875902533531189,0.0009703687392175198,0.011901742778718472,0.0004054203745909035,True
CNN Width-8,777,clap\s05_phone_r2_near\s5_phone_r2_near_0022.wav,s05_phone_r2_near,clap,0,0,clap,0.9038457870483398,0.9038457870483398,0.08143369108438492,0.0019208634039387107,0.012271698564291,0.0005279690376482904,True
CNN Width-8,777,knock\s05_phone_r2_near\s5r2p30cm_0026.wav,s05_phone_r2_near,knock,1,1,knock,0.5125157237052917,0.4776776432991028,0.5125157237052917,0.0005350859137251973,0.006883592810481787,0.002387949265539646,True
CNN Width-8,777,knock\s05_phone_r2_near\s5r2p30cm_0027.wav,s05_phone_r2_near,knock,1,1,knock,0.5878331065177917,0.38869553804397583,0.5878331065177917,0.0015753814950585365,0.012835592031478882,0.009060323238372803,True
CNN Width-8,777,knock\s05_phone_r2_near\s5r2p30cm_0028.wav,s05_phone_r2_near,knock,1,1,knock,0.5114795565605164,0.4714493453502655,0.5114795565605164,0.001471261726692319,0.010032245889306068,0.00556757440790534,True
CNN Width-8,777,knock\s05_phone_r2_near\s5r2p30cm_0029.wav,s05_phone_r2_near,knock,1,1,knock,0.5435923337936401,0.43233054876327515,0.5435923337936401,0.002096928656101227,0.013016282580792904,0.008963885717093945,True
CNN Width-8,777,knock\s05_phone_r2_near\s5r2p30cm_0030.wav,s05_phone_r2_near,knock,1,1,knock,0.5557288527488708,0.39672139286994934,0.5557288527488708,0.0047145746648311615,0.021245714277029037,0.021589413285255432,True
CNN Width-8,777,knock\s05_phone_r2_near\s5r2p30cm_0031.wav,s05_phone_r2_near,knock,1,4,whistle,0.5650753378868103,0.04202835261821747,0.1623772829771042,0.19004587829113007,0.040473125874996185,0.5650753378868103,False
CNN Width-8,777,knock\s05_phone_r2_near\s5r2p30cm_0035.wav,s05_phone_r2_near,knock,1,1,knock,0.5633249878883362,0.4117297828197479,0.5633249878883362,0.002047751098871231,0.011807512491941452,0.011089988052845001,True
CNN Width-8,777,knock\s05_phone_r2_near\s5r2p30cm_0036.wav,s05_phone_r2_near,knock,1,0,clap,0.51493901014328,0.51493901014328,0.470990389585495,0.000614590011537075,0.010714075528085232,0.0027419314719736576,False
CNN Width-8,777,knock\s05_phone_r2_near\s5r2p30cm_0037.wav,s05_phone_r2_near,knock,1,0,clap,0.4864198565483093,0.4864198565483093,0.48616206645965576,0.0023963176645338535,0.017373763024806976,0.0076480223797261715,False
CNN Width-8,777,knock\s05_phone_r2_near\s5r2p30cm_0038.wav,s05_phone_r2_near,knock,1,0,clap,0.5272082090377808,0.5272082090377808,0.46179935336112976,0.0007398623274639249,0.00655899103730917,0.0036936146207153797,False
CNN Width-8,777,knock\s05_phone_r2_near\s5r2p30cm_0039.wav,s05_phone_r2_near,knock,1,1,knock,0.6447889804840088,0.33915975689888,0.6447889804840088,0.0011917616939172149,0.00581347243860364,0.009046041406691074,True
CNN Width-8,777,knock\s05_phone_r2_near\s5r2p30cm_0040.wav,s05_phone_r2_near,knock,1,0,clap,0.5618225932121277,0.5618225932121277,0.422417551279068,0.0013294325908645988,0.009106522426009178,0.005323936231434345,False
CNN Width-8,777,knock\s05_phone_r2_near\s5r2p30cm_0041.wav,s05_phone_r2_near,knock,1,1,knock,0.5178067684173584,0.458407998085022,0.5178067684173584,0.002391708781942725,0.010148503817617893,0.011245031841099262,True
CNN Width-8,777,knock\s05_phone_r2_near\s5r2p30cm_0042.wav,s05_phone_r2_near,knock,1,0,clap,0.5867791771888733,0.5867791771888733,0.38368088006973267,0.001756772049702704,0.023799212649464607,0.003983890637755394,False
CNN Width-8,777,knock\s05_phone_r2_near\s5r2p30cm_0043.wav,s05_phone_r2_near,knock,1,1,knock,0.5746985673904419,0.3766365051269531,0.5746985673904419,0.004420860670506954,0.022167392075061798,0.02207666076719761,True
CNN Width-8,777,knock\s05_phone_r2_near\s5r2p30cm_0044.wav,s05_phone_r2_near,knock,1,1,knock,0.5277289152145386,0.4431203007698059,0.5277289152145386,0.003714826889336109,0.010034846141934395,0.015401126816868782,True
CNN Width-8,777,knock\s05_phone_r2_near\s5r2p30cm_0045.wav,s05_phone_r2_near,knock,1,1,knock,0.6422573924064636,0.3387686610221863,0.6422573924064636,0.0015202673384919763,0.008811673149466515,0.008642030879855156,True
CNN Width-8,777,knock\s05_phone_r2_near\s5r2p30cm_0046.wav,s05_phone_r2_near,knock,1,1,knock,0.5604276657104492,0.4322236180305481,0.5604276657104492,0.00043861771700903773,0.004734314512461424,0.002175802830606699,True
CNN Width-8,777,knock\s05_phone_r2_near\s5r2p30cm_0047.wav,s05_phone_r2_near,knock,1,0,clap,0.5426141619682312,0.5426141619682312,0.44911232590675354,0.000691321911290288,0.005243874154984951,0.0023382699582725763,False
CNN Width-8,777,sing\s05_phone_r2_near\s5r2p30cm_0002.wav,s05_phone_r2_near,sing,2,2,sing,0.9205754995346069,0.0007205389556474984,0.0015560259344056249,0.9205754995346069,0.004465154372155666,0.07268284261226654,True
CNN Width-8,777,sing\s05_phone_r2_near\s5r2p30cm_0003.wav,s05_phone_r2_near,sing,2,2,sing,0.9715582728385925,0.00012047417112626135,0.00035183661384508014,0.9715582728385925,3.229405774618499e-05,0.027937114238739014,True
CNN Width-8,777,sing\s05_phone_r2_near\s5r2p30cm_0004.wav,s05_phone_r2_near,sing,2,2,sing,0.9982339143753052,9.738199150888249e-05,5.5350443290080875e-05,0.9982339143753052,7.893188922025729e-06,0.0016054550651460886,True
CNN Width-8,777,sing\s05_phone_r2_near\s5r2p30cm_0005.wav,s05_phone_r2_near,sing,2,2,sing,0.9817507863044739,1.5689907741034403e-05,6.639481580350548e-05,0.9817507863044739,3.515158823574893e-05,0.018131887540221214,True
CNN Width-8,777,sing\s05_phone_r2_near\s5r2p30cm_0006.wav,s05_phone_r2_near,sing,2,2,sing,0.9963555335998535,0.0004974911571480334,0.0002742001961451024,0.9963555335998535,4.894385710940696e-05,0.0028237714432179928,True
CNN Width-8,777,sing\s05_phone_r2_near\s5r2p30cm_0007.wav,s05_phone_r2_near,sing,2,2,sing,0.9949334263801575,0.001641761395148933,0.00012087598588550463,0.9949334263801575,0.002768297679722309,0.0005355477333068848,True
CNN Width-8,777,sing\s05_phone_r2_near\s5r2p30cm_0008.wav,s05_phone_r2_near,sing,2,2,sing,0.9894036054611206,2.9564366741396952e-06,1.698986852716189e-05,0.9894036054611206,1.346823523817875e-06,0.010575111955404282,True
CNN Width-8,777,sing\s05_phone_r2_near\s5r2p30cm_0009.wav,s05_phone_r2_near,sing,2,2,sing,0.9997345805168152,1.792507100617513e-05,4.729151442006696e-06,0.9997345805168152,1.1220347914786544e-05,0.00023150081688072532,True
CNN Width-8,777,sing\s05_phone_r2_near\s5r2p30cm_0010.wav,s05_phone_r2_near,sing,2,2,sing,0.9950791597366333,9.232302545569837e-05,4.197928137728013e-05,0.9950791597366333,0.002816841471940279,0.0019696769304573536,True
CNN Width-8,777,sing\s05_phone_r2_near\s5r2p30cm_0011.wav,s05_phone_r2_near,sing,2,2,sing,0.9794439077377319,3.686881609610282e-05,2.8554972232086584e-05,0.9794439077377319,0.013661625795066357,0.0068289595656096935,True
CNN Width-8,777,sing\s05_phone_r2_near\s5r2p30cm_0012.wav,s05_phone_r2_near,sing,2,2,sing,0.9901421666145325,0.0005783078377135098,0.0005233397241681814,0.9901421666145325,0.00011594042007345706,0.00864030048251152,True
CNN Width-8,777,sing\s05_phone_r2_near\s5r2p30cm_0013.wav,s05_phone_r2_near,sing,2,2,sing,0.9914870262145996,6.669262074865401e-05,0.00012174917355878279,0.9914870262145996,1.0846067198144738e-05,0.00831366516649723,True
CNN Width-8,777,sing\s05_phone_r2_near\s5r2p30cm_0014.wav,s05_phone_r2_near,sing,2,2,sing,0.999480664730072,1.8062507933791494e-06,1.6587883919783053e-06,0.999480664730072,5.341493306332268e-05,0.0004625032306648791,True
CNN Width-8,777,sing\s05_phone_r2_near\s5r2p30cm_0015.wav,s05_phone_r2_near,sing,2,2,sing,0.9988609552383423,0.00021895708050578833,5.266327934805304e-05,0.9988609552383423,3.559272954589687e-05,0.0008318503969348967,True
CNN Width-8,777,sing\s05_phone_r2_near\s5r2p30cm_0016.wav,s05_phone_r2_near,sing,2,2,sing,0.9993748068809509,8.796924788612159e-08,1.9492054548209126e-07,0.9993748068809509,4.91957052872749e-07,0.0006244665128178895,True
CNN Width-8,777,sing\s05_phone_r2_near\s5r2p30cm_0017.wav,s05_phone_r2_near,sing,2,2,sing,0.9977599382400513,2.7860296540893614e-06,4.6318282329593785e-06,0.9977599382400513,1.3901926649850793e-06,0.002231220481917262,True
CNN Width-8,777,sing\s05_phone_r2_near\s5r2p30cm_0018.wav,s05_phone_r2_near,sing,2,2,sing,0.999537467956543,1.5974333678059338e-07,3.885787407398311e-07,0.999537467956543,1.7101095295402047e-07,0.0004617795639205724,True
CNN Width-8,777,sing\s05_phone_r2_near\s5r2p30cm_0019.wav,s05_phone_r2_near,sing,2,2,sing,0.9961593151092529,3.9677547647443134e-06,9.209307791024912e-06,0.9961593151092529,8.387793059227988e-06,0.0038191075436770916,True
CNN Width-8,777,sing\s05_phone_r2_near\s5r2p30cm_0020.wav,s05_phone_r2_near,sing,2,2,sing,0.9976027607917786,6.259332963054476e-07,2.0298252820794005e-06,0.9976027607917786,6.194343882270914e-07,0.002393998671323061,True
CNN Width-8,777,sing\s05_phone_r2_near\s5r2p30cm_0021.wav,s05_phone_r2_near,sing,2,2,sing,0.9991913437843323,5.364342541724909e-06,5.029587100580102e-06,0.9991913437843323,1.7489479432697408e-05,0.0007807596703059971,True
CNN Width-8,777,sing\s05_phone_r2_near\s5r2p30cm_0022.wav,s05_phone_r2_near,sing,2,2,sing,0.9985645413398743,5.9456169765326194e-06,7.104105407051975e-06,0.9985645413398743,1.9155730115016922e-05,0.0014032060280442238,True
CNN Width-8,777,sing\s05_phone_r2_near\s5r2p30cm_0023.wav,s05_phone_r2_near,sing,2,2,sing,0.9901102185249329,8.275615255115554e-05,6.424135790439323e-05,0.9901102185249329,0.005289001855999231,0.004453690256923437,True
CNN Width-8,777,sing\s05_phone_r2_near\s5r2p30cm_0024.wav,s05_phone_r2_near,sing,2,2,sing,0.9970425963401794,1.0591131285764277e-05,1.6529211279703304e-05,0.9970425963401794,2.211277887909091e-06,0.0029280544258654118,True
CNN Width-8,777,spoon\s05_phone_r2_near\s5r2p30cm_0049.wav,s05_phone_r2_near,spoon,3,3,spoon,0.5026072859764099,0.2518157958984375,0.09668153524398804,0.107306569814682,0.5026072859764099,0.04158875346183777,True
CNN Width-8,777,spoon\s05_phone_r2_near\s5r2p30cm_0050.wav,s05_phone_r2_near,spoon,3,3,spoon,0.9246659278869629,0.05460000038146973,0.010041129775345325,0.009275243617594242,0.9246659278869629,0.0014176302356645465,True
CNN Width-8,777,spoon\s05_phone_r2_near\s5r2p30cm_0051.wav,s05_phone_r2_near,spoon,3,3,spoon,0.9208682775497437,0.0506478026509285,0.008428305387496948,0.01833939552307129,0.9208682775497437,0.0017162426374852657,True
CNN Width-8,777,spoon\s05_phone_r2_near\s5r2p30cm_0052.wav,s05_phone_r2_near,spoon,3,3,spoon,0.956226646900177,0.027613837271928787,0.005864726845175028,0.008918602019548416,0.956226646900177,0.0013762080343440175,True
CNN Width-8,777,spoon\s05_phone_r2_near\s5r2p30cm_0053.wav,s05_phone_r2_near,spoon,3,3,spoon,0.9271934032440186,0.03389829769730568,0.015416820533573627,0.01724846661090851,0.9271934032440186,0.006242940202355385,True
CNN Width-8,777,spoon\s05_phone_r2_near\s5r2p30cm_0054.wav,s05_phone_r2_near,spoon,3,3,spoon,0.9882526993751526,0.005004171747714281,0.0018192033749073744,0.003901153802871704,0.9882526993751526,0.001022795564495027,True
CNN Width-8,777,spoon\s05_phone_r2_near\s5r2p30cm_0055.wav,s05_phone_r2_near,spoon,3,3,spoon,0.9091914892196655,0.05790198966860771,0.015748728066682816,0.014294343069195747,0.9091914892196655,0.0028634758200496435,True
CNN Width-8,777,spoon\s05_phone_r2_near\s5r2p30cm_0056.wav,s05_phone_r2_near,spoon,3,3,spoon,0.8967633843421936,0.0652841180562973,0.01789005659520626,0.016110198572278023,0.8967633843421936,0.003952266648411751,True
CNN Width-8,777,spoon\s05_phone_r2_near\s5r2p30cm_0057.wav,s05_phone_r2_near,spoon,3,3,spoon,0.9389610886573792,0.03953246399760246,0.014815879054367542,0.004856659099459648,0.9389610886573792,0.0018339494708925486,True
CNN Width-8,777,spoon\s05_phone_r2_near\s5r2p30cm_0058.wav,s05_phone_r2_near,spoon,3,3,spoon,0.9842483401298523,0.009408167563378811,0.002307504415512085,0.003392335493117571,0.9842483401298523,0.0006435354589484632,True
CNN Width-8,777,spoon\s05_phone_r2_near\s5r2p30cm_0059.wav,s05_phone_r2_near,spoon,3,3,spoon,0.8445543646812439,0.11231902241706848,0.026298891752958298,0.012835155241191387,0.8445543646812439,0.003992581740021706,True
CNN Width-8,777,spoon\s05_phone_r2_near\s5r2p30cm_0060.wav,s05_phone_r2_near,spoon,3,3,spoon,0.9773412346839905,0.01360098086297512,0.004159913863986731,0.0038235364481806755,0.9773412346839905,0.0010743276216089725,True
CNN Width-8,777,spoon\s05_phone_r2_near\s5r2p30cm_0061.wav,s05_phone_r2_near,spoon,3,3,spoon,0.749740481376648,0.2117520570755005,0.022054573521018028,0.014790724031627178,0.749740481376648,0.0016620794776827097,True
CNN Width-8,777,spoon\s05_phone_r2_near\s5r2p30cm_0062.wav,s05_phone_r2_near,spoon,3,3,spoon,0.8483263254165649,0.07766801118850708,0.037566643208265305,0.025280261412262917,0.8483263254165649,0.011158709414303303,True
CNN Width-8,777,spoon\s05_phone_r2_near\s5r2p30cm_0063.wav,s05_phone_r2_near,spoon,3,3,spoon,0.6388316750526428,0.2936055064201355,0.05672265589237213,0.008017980493605137,0.6388316750526428,0.0028222007676959038,True
CNN Width-8,777,spoon\s05_phone_r2_near\s5r2p30cm_0064.wav,s05_phone_r2_near,spoon,3,3,spoon,0.8869317173957825,0.08810378611087799,0.012410055845975876,0.010930065996944904,0.8869317173957825,0.0016244264552369714,True
CNN Width-8,777,spoon\s05_phone_r2_near\s5r2p30cm_0065.wav,s05_phone_r2_near,spoon,3,3,spoon,0.9151093363761902,0.057810962200164795,0.011957035399973392,0.012784695252776146,0.9151093363761902,0.002337853191420436,True
CNN Width-8,777,spoon\s05_phone_r2_near\s5r2p30cm_0066.wav,s05_phone_r2_near,spoon,3,3,spoon,0.9130338430404663,0.05026567354798317,0.016337338835000992,0.015394396148622036,0.9130338430404663,0.004968753084540367,True
CNN Width-8,777,spoon\s05_phone_r2_near\s5r2p30cm_0067.wav,s05_phone_r2_near,spoon,3,3,spoon,0.9241157174110413,0.042325787246227264,0.014426246285438538,0.014420580118894577,0.9241157174110413,0.004711727146059275,True
CNN Width-8,777,spoon\s05_phone_r2_near\s5r2p30cm_0068.wav,s05_phone_r2_near,spoon,3,3,spoon,0.9371103644371033,0.041868239641189575,0.008025028742849827,0.011248617433011532,0.9371103644371033,0.001747742178849876,True
CNN Width-8,777,spoon\s05_phone_r2_near\s5r2p30cm_0069.wav,s05_phone_r2_near,spoon,3,3,spoon,0.9904341697692871,0.0032817537430673838,0.0015072395326569676,0.0035654776729643345,0.9904341697692871,0.0012113575357943773,True
CNN Width-8,777,spoon\s05_phone_r2_near\s5r2p30cm_0070.wav,s05_phone_r2_near,spoon,3,3,spoon,0.9651365876197815,0.020554283633828163,0.006892502773553133,0.005897712893784046,0.9651365876197815,0.0015189687255769968,True
CNN Width-8,777,spoon\s05_phone_r2_near\s5r2p30cm_0071.wav,s05_phone_r2_near,spoon,3,3,spoon,0.9443573951721191,0.03245179355144501,0.01290994044393301,0.006974352989345789,0.9443573951721191,0.003306478029116988,True
CNN Width-8,777,whistle\s05_phone_r2_near\s5_phone_r2_near_0079.wav,s05_phone_r2_near,whistle,4,4,whistle,0.8535066246986389,0.006461390759795904,0.04619446396827698,0.07099489122629166,0.02284255251288414,0.8535066246986389,True
CNN Width-8,777,whistle\s05_phone_r2_near\s5_phone_r2_near_0080.wav,s05_phone_r2_near,whistle,4,4,whistle,0.9224271774291992,0.001858302392065525,0.025094131007790565,0.04176093637943268,0.008859451860189438,0.9224271774291992,True
CNN Width-8,777,whistle\s05_phone_r2_near\s5_phone_r2_near_0081.wav,s05_phone_r2_near,whistle,4,4,whistle,0.960272490978241,0.0005759145715273917,0.01207215990871191,0.024911757558584213,0.0021676113829016685,0.960272490978241,True
CNN Width-8,777,whistle\s05_phone_r2_near\s5_phone_r2_near_0082.wav,s05_phone_r2_near,whistle,4,4,whistle,0.8853091597557068,0.0041018519550561905,0.04221942648291588,0.05426137521862984,0.014108234085142612,0.8853091597557068,True
CNN Width-8,777,whistle\s05_phone_r2_near\s5_phone_r2_near_0083.wav,s05_phone_r2_near,whistle,4,4,whistle,0.9774977564811707,0.0001259654964087531,0.004815453663468361,0.01635093055665493,0.0012098795268684626,0.9774977564811707,True
CNN Width-8,777,whistle\s05_phone_r2_near\s5_phone_r2_near_0084.wav,s05_phone_r2_near,whistle,4,4,whistle,0.6120325922966003,0.04395081102848053,0.1978721022605896,0.07941148430109024,0.06673306226730347,0.6120325922966003,True
CNN Width-8,777,whistle\s05_phone_r2_near\s5_phone_r2_near_0085.wav,s05_phone_r2_near,whistle,4,4,whistle,0.6736658215522766,0.0326286144554615,0.09434277564287186,0.17898590862751007,0.020376866683363914,0.6736658215522766,True
CNN Width-8,777,whistle\s05_phone_r2_near\s5_phone_r2_near_0086.wav,s05_phone_r2_near,whistle,4,4,whistle,0.7224205136299133,0.02037193812429905,0.0719563215970993,0.1720593124628067,0.013191885314881802,0.7224205136299133,True
CNN Width-8,777,whistle\s05_phone_r2_near\s5_phone_r2_near_0088.wav,s05_phone_r2_near,whistle,4,4,whistle,0.9606607556343079,0.0006494894623756409,0.015396017581224442,0.02107379399240017,0.0022200169041752815,0.9606607556343079,True
CNN Width-8,777,whistle\s05_phone_r2_near\s5_phone_r2_near_0089.wav,s05_phone_r2_near,whistle,4,4,whistle,0.9499008655548096,0.0008259940659627318,0.013457235880196095,0.03182334080338478,0.003992557525634766,0.9499008655548096,True
CNN Width-8,777,whistle\s05_phone_r2_near\s5_phone_r2_near_0090.wav,s05_phone_r2_near,whistle,4,4,whistle,0.9659399390220642,0.0004567089199554175,0.011680051684379578,0.020568853244185448,0.0013544542016461492,0.9659399390220642,True
CNN Width-8,777,whistle\s05_phone_r2_near\s5_phone_r2_near_0091.wav,s05_phone_r2_near,whistle,4,4,whistle,0.951124370098114,0.0007236244855448604,0.011312894523143768,0.03496110439300537,0.0018779506208375096,0.951124370098114,True
CNN Width-8,777,whistle\s05_phone_r2_near\s5_phone_r2_near_0092.wav,s05_phone_r2_near,whistle,4,4,whistle,0.7213088870048523,0.021265648305416107,0.05962703749537468,0.1625913679599762,0.03520713001489639,0.7213088870048523,True
CNN Width-8,777,whistle\s05_phone_r2_near\s5_phone_r2_near_0093.wav,s05_phone_r2_near,whistle,4,4,whistle,0.968052089214325,0.0003923371259588748,0.011598476208746433,0.01812388002872467,0.0018331101164221764,0.968052089214325,True
CNN Width-8,777,whistle\s05_phone_r2_near\s5_phone_r2_near_0094.wav,s05_phone_r2_near,whistle,4,4,whistle,0.9002804756164551,0.004349358845502138,0.047560881823301315,0.03870689868927002,0.009102425538003445,0.9002804756164551,True
CNN Width-8,777,whistle\s05_phone_r2_near\s5_phone_r2_near_0095.wav,s05_phone_r2_near,whistle,4,4,whistle,0.9957758784294128,1.2005971257167403e-05,0.0013034514850005507,0.0029033333994448185,5.344058990885969e-06,0.9957758784294128,True
CNN Width-8,777,whistle\s05_phone_r2_near\s5_phone_r2_near_0096.wav,s05_phone_r2_near,whistle,4,4,whistle,0.8348404765129089,0.012068177573382854,0.05846807360649109,0.08688226342201233,0.0077409809455275536,0.8348404765129089,True
CNN Width-8,777,whistle\s05_phone_r2_near\s5_phone_r2_near_0097.wav,s05_phone_r2_near,whistle,4,4,whistle,0.6519744396209717,0.0546245202422142,0.13401196897029877,0.15414008498191833,0.0052489060908555984,0.6519744396209717,True
CNN Width-8,777,whistle\s05_phone_r2_near\s5_phone_r2_near_0098.wav,s05_phone_r2_near,whistle,4,4,whistle,0.7221897840499878,0.005898204632103443,0.026082685217261314,0.24454180896282196,0.0012874823296442628,0.7221897840499878,True
CNN Width-8,777,whistle\s05_phone_r2_near\s5_phone_r2_near_0099.wav,s05_phone_r2_near,whistle,4,4,whistle,0.8954563140869141,0.0025674195494502783,0.019243862479925156,0.07972182333469391,0.00301045598462224,0.8954563140869141,True
CNN Width-8,777,whistle\s05_phone_r2_near\s5_phone_r2_near_0100.wav,s05_phone_r2_near,whistle,4,4,whistle,0.8422325253486633,0.008950768038630486,0.05003402382135391,0.0911673903465271,0.00761538976803422,0.8422325253486633,True
CNN Width-8,777,whistle\s05_phone_r2_near\s5_phone_r2_near_0101.wav,s05_phone_r2_near,whistle,4,4,whistle,0.9617111086845398,0.0006491868407465518,0.016663571819663048,0.019453423097729683,0.0015227062394842505,0.9617111086845398,True
CNN Width-8,777,whistle\s05_phone_r2_near\s5_phone_r2_near_0102.wav,s05_phone_r2_near,whistle,4,4,whistle,0.7753183245658875,0.016626520082354546,0.11888254433870316,0.05136268958449364,0.03780989348888397,0.7753183245658875,True
CNN Width-8,777,whistle\s05_phone_r2_near\s5_phone_r2_near_0103.wav,s05_phone_r2_near,whistle,4,4,whistle,0.9117498397827148,0.0026355632580816746,0.030205784365534782,0.04442235082387924,0.010986533015966415,0.9117498397827148,True
CNN Width-8,777,whistle\s05_phone_r2_near\s5_phone_r2_near_0104.wav,s05_phone_r2_near,whistle,4,4,whistle,0.5697005391120911,0.059161581099033356,0.28082767128944397,0.08173032850027084,0.008579923771321774,0.5697005391120911,True
